Species,Genotype,Shorthand,Barcode,Concentration,BarcodeCounts,BarcodeFrequency,Density,DensityPerBarcode,Reads,InitialBarcodeFrequency,InitialDensity,InitialDensityPerBarcode,approx_growth_rate,Cmax,Gprime_maxC_growthrate
Se,"G238S, E104K, A42G, M182T, g4205a",pAEGM,CTGTTTTTGAACTTGAAG,0,3045,0.005099562894609034,2840000000,14482758.620689657,597110,0.005526829034983765,607000,3354.785224235145,0.348763600355,90.69,0.4762766261834612
Se,"G238S, E104K, A42G, M182T, g4205a",pAEGM,TGAAGCACGTAAACTATC,0,5164,0.00864832275460133,2840000000,24561236.623067774,597110,0.008417785760975273,607000,5109.5959569119905,0.35324185000431596,90.69,0.4762766261834612
Se,"G238S, E104K, A42G, M182T, g4205a",pAEGM,TTGGTTGCACCAGACATT,0,4936,0.008266483562492674,2840000000,23476813.317479193,597110,0.012082498551864508,607000,7334.076620981757,0.336301542864742,90.69,0.4762766261834612
Se,"G238S, E104K, A42G, M182T, g4205a",pAEGM,CTGTTTTTGAACTTGAAG,0.0315,2293,0.005330413577793121,2370000000,12633080.179369695,430173,0.005526829034983765,607000,3354.785224235145,0.3430702629948432,90.69,0.4762766261834612
Se,"G238S, E104K, A42G, M182T, g4205a",pAEGM,TGAAGCACGTAAACTATC,0.0315,3671,0.008533775945956626,2370000000,20225048.991917204,430173,0.008417785760975273,607000,5109.5959569119905,0.34514820134484225,90.69,0.4762766261834612
Se,"G238S, E104K, A42G, M182T, g4205a",pAEGM,TTGGTTGCACCAGACATT,0.0315,3605,0.008380349301327606,2370000000,19861427.844146427,430173,0.012082498551864508,607000,7334.076620981757,0.3293334713970818,90.69,0.4762766261834612
Se,"G238S, E104K, A42G, M182T, g4205a",pAEGM,CTGTTTTTGAACTTGAAG,0.0445,3179,0.0053829807049181715,1700000000,9151067.198360892,590565,0.005526829034983765,607000,3354.785224235145,0.32963491805899803,90.69,0.4762766261834612
Se,"G238S, E104K, A42G, M182T, g4205a",pAEGM,TGAAGCACGTAAACTATC,0.0445,5178,0.008767874831728938,1700000000,14905387.213939194,590565,0.008417785760975273,607000,5109.5959569119905,0.3324315688574033,90.69,0.4762766261834612
Se,"G238S, E104K, A42G, M182T, g4205a",pAEGM,TTGGTTGCACCAGACATT,0.0445,5277,0.008935510909044729,1700000000,15190368.54537604,590565,0.012082498551864508,607000,7334.076620981757,0.318161889195975,90.69,0.4762766261834612
Se,"G238S, E104K, A42G, M182T, g4205a",pAEGM,CTGTTTTTGAACTTGAAG,0.0629,5843,0.005143698726971979,1920000000,9875901.5557862,1135953,0.005526829034983765,607000,3354.785224235145,0.3328110471098926,90.69,0.4762766261834612
Se,"G238S, E104K, A42G, M182T, g4205a",pAEGM,TGAAGCACGTAAACTATC,0.0629,10565,0.009300560850668998,1920000000,17857076.833284475,1135953,0.008417785760975273,607000,5109.5959569119905,0.339959784912258,90.69,0.4762766261834612
Se,"G238S, E104K, A42G, M182T, g4205a",pAEGM,TTGGTTGCACCAGACATT,0.0629,10290,0.00905847336993696,1920000000,17392268.870278966,1135953,0.012082498551864508,607000,7334.076620981757,0.3238020646543193,90.69,0.4762766261834612
Se,"G238S, E104K, A42G, M182T, g4205a",pAEGM,CTGTTTTTGAACTTGAAG,0.0889,5696,0.006872064502818922,2010000000,13812849.650666032,828863,0.005526829034983765,607000,3354.785224235145,0.3467902841775835,90.69,0.4762766261834612
Se,"G238S, E104K, A42G, M182T, g4205a",pAEGM,TGAAGCACGTAAACTATC,0.0889,9620,0.011606260624494037,2010000000,23328583.855233014,828863,0.008417785760975273,607000,5109.5959569119905,0.35109643044129135,90.69,0.4762766261834612
Se,"G238S, E104K, A42G, M182T, g4205a",pAEGM,TTGGTTGCACCAGACATT,0.0889,9230,0.011135736545122656,2010000000,22382830.455696538,828863,0.012082498551864508,607000,7334.076620981757,0.3343132470608197,90.69,0.4762766261834612
Se,"G238S, E104K, A42G, M182T, g4205a",pAEGM,CTGTTTTTGAACTTGAAG,0.1257,5737,0.007639066428054029,1740000000,13291975.58481401,751008,0.005526829034983765,607000,3354.785224235145,0.34518866837027457,90.69,0.4762766261834612
Se,"G238S, E104K, A42G, M182T, g4205a",pAEGM,TGAAGCACGTAAACTATC,0.1257,8962,0.011933294984873662,1740000000,20763933.273680173,751008,0.008417785760975273,607000,5109.5959569119905,0.3462438521413272,90.69,0.4762766261834612
Se,"G238S, E104K, A42G, M182T, g4205a",pAEGM,TTGGTTGCACCAGACATT,0.1257,9001,0.011985225190677063,1740000000,20854291.83177809,751008,0.012082498551864508,607000,7334.076620981757,0.33136598051393273,90.69,0.4762766261834612
Se,"G238S, E104K, A42G, M182T, g4205a",pAEGM,CTGTTTTTGAACTTGAAG,0.1777,5107,0.007961190172209257,1550000000,12339844.76692435,641487,0.005526829034983765,607000,3354.785224235145,0.34209170691505847,90.69,0.4762766261834612
Se,"G238S, E104K, A42G, M182T, g4205a",pAEGM,TGAAGCACGTAAACTATC,0.1777,7993,0.012460112208041628,1550000000,19313173.922464523,641487,0.008417785760975273,607000,5109.5959569119905,0.3432259331958677,90.69,0.4762766261834612
Se,"G238S, E104K, A42G, M182T, g4205a",pAEGM,TTGGTTGCACCAGACATT,0.1777,7976,0.01243361128128863,1550000000,19272097.485997375,641487,0.012082498551864508,607000,7334.076620981757,0.3280784202395006,90.69,0.4762766261834612
Se,"G238S, E104K, A42G, M182T, g4205a",pAEGM,CTGTTTTTGAACTTGAAG,0.2513,6775,0.008071212516514714,2070000000,16707409.909185458,839403,0.005526829034983765,607000,3354.785224235145,0.3547174939741551,90.69,0.4762766261834612
Se,"G238S, E104K, A42G, M182T, g4205a",pAEGM,TGAAGCACGTAAACTATC,0.2513,11814,0.014074288512192595,2070000000,29133777.22023867,839403,0.008417785760975273,607000,5109.5959569119905,0.36035554905250194,90.69,0.4762766261834612
Se,"G238S, E104K, A42G, M182T, g4205a",pAEGM,TTGGTTGCACCAGACATT,0.2513,11306,0.013469096488814074,2070000000,27881029.731845133,839403,0.012082498551864508,607000,7334.076620981757,0.34346542840248484,90.69,0.4762766261834612
Se,"G238S, E104K, A42G, M182T, g4205a",pAEGM,CTGTTTTTGAACTTGAAG,0.3553,7982,0.009116149243537779,1920000000,17503006.547592536,875589,0.005526829034983765,607000,3354.785224235145,0.356655841505071,90.69,0.4762766261834612
Se,"G238S, E104K, A42G, M182T, g4205a",pAEGM,TGAAGCACGTAAACTATC,0.3553,13229,0.015108686838231179,1920000000,29008678.729403865,875589,0.008417785760975273,607000,5109.5959569119905,0.3601762499473522,90.69,0.4762766261834612
Se,"G238S, E104K, A42G, M182T, g4205a",pAEGM,TTGGTTGCACCAGACATT,0.3553,12883,0.014713524267664395,1920000000,28249966.593915638,875589,0.012082498551864508,607000,7334.076620981757,0.3440131682123805,90.69,0.4762766261834612
Se,"G238S, E104K, A42G, M182T, g4205a",pAEGM,CTGTTTTTGAACTTGAAG,0.5024,11429,0.00980308905809203,1910000000,18723900.100955777,1165857,0.005526829034983765,607000,3354.785224235145,0.3594653464710532,90.69,0.4762766261834612
Se,"G238S, E104K, A42G, M182T, g4205a",pAEGM,TGAAGCACGTAAACTATC,0.5024,20999,0.018011642937341373,1910000000,34402238.01032202,1165857,0.008417785760975273,607000,5109.5959569119905,0.3672815236538685,90.69,0.4762766261834612
Se,"G238S, E104K, A42G, M182T, g4205a",pAEGM,TTGGTTGCACCAGACATT,0.5024,19502,0.01672760896061867,1910000000,31949733.11478166,1165857,0.012082498551864508,607000,7334.076620981757,0.3491411495664719,90.69,0.4762766261834612
Se,"G238S, E104K, A42G, M182T, g4205a",pAEGM,CTGTTTTTGAACTTGAAG,0.7104,10737,0.011212651906526773,1920000000,21528291.6605314,957579,0.005526829034983765,607000,3354.785224235145,0.36528064535517274,90.69,0.4762766261834612
Se,"G238S, E104K, A42G, M182T, g4205a",pAEGM,TGAAGCACGTAAACTATC,0.7104,18736,0.019566009697372228,1920000000,37566738.61895468,957579,0.008417785760975273,607000,5109.5959569119905,0.37094808311202315,90.69,0.4762766261834612
Se,"G238S, E104K, A42G, M182T, g4205a",pAEGM,TTGGTTGCACCAGACATT,0.7104,17511,0.01828674187717149,1920000000,35110544.40416926,957579,0.012082498551864508,607000,7334.076620981757,0.35307188573977055,90.69,0.4762766261834612
Se,"G238S, E104K, A42G, M182T, g4205a",pAEGM,CTGTTTTTGAACTTGAAG,1.0045,15084,0.013866774531614848,2620000000,36330949.2728309,1087780,0.005526829034983765,607000,3354.785224235145,0.38708489592888096,90.69,0.4762766261834612
Se,"G238S, E104K, A42G, M182T, g4205a",pAEGM,TGAAGCACGTAAACTATC,1.0045,22416,0.020607108054937578,2620000000,53990623.103936456,1087780,0.008417785760975273,607000,5109.5959569119905,0.38606022217719715,90.69,0.4762766261834612
Se,"G238S, E104K, A42G, M182T, g4205a",pAEGM,TTGGTTGCACCAGACATT,1.0045,22066,0.02028535181746309,2620000000,53147621.7617533,1087780,0.012082498551864508,607000,7334.076620981757,0.37034571333448874,90.69,0.4762766261834612
Se,"G238S, E104K, A42G, M182T, g4205a",pAEGM,CTGTTTTTGAACTTGAAG,1.42,16826,0.012000057054829691,2050000000,24600116.962400865,1402160,0.005526829034983765,607000,3354.785224235145,0.370838280196884,90.69,0.4762766261834612
Se,"G238S, E104K, A42G, M182T, g4205a",pAEGM,TGAAGCACGTAAACTATC,1.42,33879,0.02416200718890854,2050000000,49532114.73726251,1402160,0.008417785760975273,607000,5109.5959569119905,0.38246900786530347,90.69,0.4762766261834612
Se,"G238S, E104K, A42G, M182T, g4205a",pAEGM,TTGGTTGCACCAGACATT,1.42,32496,0.023175671820619616,2050000000,47510127.23227021,1402160,0.012082498551864508,607000,7334.076620981757,0.3656736106344669,90.69,0.4762766261834612
Se,"G238S, E104K, A42G, M182T, g4205a",pAEGM,CTGTTTTTGAACTTGAAG,2.01,20888,0.012733650414721485,1710000000,21774542.20917374,1640378,0.005526829034983765,607000,3354.785224235145,0.3657545427524044,90.69,0.4762766261834612
Se,"G238S, E104K, A42G, M182T, g4205a",pAEGM,TGAAGCACGTAAACTATC,2.01,39095,0.023832921436400634,1710000000,40754295.65624508,1640378,0.008417785760975273,607000,5109.5959569119905,0.37434150816660006,90.69,0.4762766261834612
Se,"G238S, E104K, A42G, M182T, g4205a",pAEGM,TTGGTTGCACCAGACATT,2.01,37758,0.023017865394439573,1710000000,39360549.82449167,1640378,0.012082498551864508,607000,7334.076620981757,0.3578328251344296,90.69,0.4762766261834612
Se,"G238S, E104K, A42G, M182T, g4205a",pAEGM,CTGTTTTTGAACTTGAAG,2.84,18817,0.01604482352570011,2740000000,43962816.46041831,1172777,0.005526829034983765,607000,3354.785224235145,0.39502965514252086,90.69,0.4762766261834612
Se,"G238S, E104K, A42G, M182T, g4205a",pAEGM,TGAAGCACGTAAACTATC,2.84,32224,0.02747666436159645,2740000000,75286060.35077427,1172777,0.008417785760975273,607000,5109.5959569119905,0.3999137476314663,90.69,0.4762766261834612
Se,"G238S, E104K, A42G, M182T, g4205a",pAEGM,TTGGTTGCACCAGACATT,2.84,30911,0.026357099431520228,2740000000,72218452.44236542,1172777,0.012082498551864508,607000,7334.076620981757,0.38312163955253886,90.69,0.4762766261834612
Se,"G238S, E104K, A42G, M182T, g4205a",pAEGM,CTGTTTTTGAACTTGAAG,4.02,11602,0.01796384006887016,2020000000,36286956.93911772,645853,0.005526829034983765,607000,3354.785224235145,0.38703441212331363,90.69,0.4762766261834612
Se,"G238S, E104K, A42G, M182T, g4205a",pAEGM,TGAAGCACGTAAACTATC,4.02,17686,0.02738394030839835,2020000000,55315559.42296467,645853,0.008417785760975273,607000,5109.5959569119905,0.3870703824929269,90.69,0.4762766261834612
Se,"G238S, E104K, A42G, M182T, g4205a",pAEGM,TTGGTTGCACCAGACATT,4.02,17790,0.0275449676629202,2020000000,55640834.67909881,645853,0.012082498551864508,607000,7334.076620981757,0.3722558804327492,90.69,0.4762766261834612
Se,"G238S, E104K, A42G, M182T, g4205a",pAEGM,CTGTTTTTGAACTTGAAG,5.68,10673,0.02388662970912159,1980000000,47295526.82406075,446819,0.005526829034983765,607000,3354.785224235145,0.3980743019974605,90.69,0.4762766261834612
Se,"G238S, E104K, A42G, M182T, g4205a",pAEGM,TGAAGCACGTAAACTATC,5.68,16177,0.0362048167154933,1980000000,71685537.09667672,446819,0.008417785760975273,607000,5109.5959569119905,0.3978718316714929,90.69,0.4762766261834612
Se,"G238S, E104K, A42G, M182T, g4205a",pAEGM,TTGGTTGCACCAGACATT,5.68,15879,0.03553787999167448,1980000000,70365002.38351548,446819,0.012082498551864508,607000,7334.076620981757,0.3820383240143237,90.69,0.4762766261834612
Se,"G238S, E104K, A42G, M182T, g4205a",pAEGM,CTGTTTTTGAACTTGAAG,8.03,30752,0.028851223681420644,1440000000,41545762.10124573,1065882,0.005526829034983765,607000,3354.785224235145,0.3926734603405049,90.69,0.4762766261834612
Se,"G238S, E104K, A42G, M182T, g4205a",pAEGM,TGAAGCACGTAAACTATC,8.03,65534,0.06148335369205972,1440000000,88536029.31656599,1065882,0.008417785760975273,607000,5109.5959569119905,0.4066685219616031,90.69,0.4762766261834612
Se,"G238S, E104K, A42G, M182T, g4205a",pAEGM,TTGGTTGCACCAGACATT,8.03,51017,0.047863647195468165,1440000000,68923651.96147415,1065882,0.012082498551864508,607000,7334.076620981757,0.3811759650288026,90.69,0.4762766261834612
Se,"G238S, E104K, A42G, M182T, g4205a",pAEGM,CTGTTTTTGAACTTGAAG,11.35,9460,0.03909220139508744,2720000000,106330787.79463784,241992,0.005526829034983765,607000,3354.785224235145,0.43183010007599437,90.69,0.4762766261834612
Se,"G238S, E104K, A42G, M182T, g4205a",pAEGM,TGAAGCACGTAAACTATC,11.35,22837,0.09437088829382789,2720000000,256688816.15921187,241992,0.008417785760975273,607000,5109.5959569119905,0.45102081109044084,90.69,0.4762766261834612
Se,"G238S, E104K, A42G, M182T, g4205a",pAEGM,TTGGTTGCACCAGACATT,11.35,12839,0.05305547290819531,2720000000,144310886.31029123,241992,0.012082498551864508,607000,7334.076620981757,0.4119664027984003,90.69,0.4762766261834612
Se,"G238S, E104K, A42G, M182T, g4205a",pAEGM,CTGTTTTTGAACTTGAAG,16.05,52194,0.04284261409388536,1820000000,77973557.65087135,1218273,0.005526829034983765,607000,3354.785224235145,0.4189057204986515,90.69,0.4762766261834612
Se,"G238S, E104K, A42G, M182T, g4205a",pAEGM,TGAAGCACGTAAACTATC,16.05,140680,0.11547493870421491,1820000000,210164388.44167113,1218273,0.008417785760975273,607000,5109.5959569119905,0.44268854056587525,90.69,0.4762766261834612
Se,"G238S, E104K, A42G, M182T, g4205a",pAEGM,TTGGTTGCACCAGACATT,16.05,79344,0.06512825942953673,1820000000,118533432.16175686,1218273,0.012082498551864508,607000,7334.076620981757,0.40376745044806406,90.69,0.4762766261834612
Se,"G238S, E104K, A42G, M182T, g4205a",pAEGM,CTGTTTTTGAACTTGAAG,22.69,60368,0.04489371876131769,2470000000,110887485.3404547,1344687,0.005526829034983765,607000,3354.785224235145,0.433578482036408,90.69,0.4762766261834612
Se,"G238S, E104K, A42G, M182T, g4205a",pAEGM,TGAAGCACGTAAACTATC,22.69,189416,0.14086252042296832,2470000000,347930425.4447318,1344687,0.008417785760975273,607000,5109.5959569119905,0.4636932283288993,90.69,0.4762766261834612
Se,"G238S, E104K, A42G, M182T, g4205a",pAEGM,TTGGTTGCACCAGACATT,22.69,101711,0.07563916361205247,2470000000,186828734.1217696,1344687,0.012082498551864508,607000,7334.076620981757,0.4227256707878554,90.69,0.4762766261834612
Se,"G238S, E104K, A42G, M182T, g4205a",pAEGM,CTGTTTTTGAACTTGAAG,32.08,106100,0.06349438125593203,2080000000,132068313.01233862,1671014,0.005526829034983765,607000,3354.785224235145,0.44086195161530944,90.69,0.4762766261834612
Se,"G238S, E104K, A42G, M182T, g4205a",pAEGM,TGAAGCACGTAAACTATC,32.08,272399,0.1630141937769522,2080000000,339069523.05606055,1671014,0.008417785760975273,607000,5109.5959569119905,0.46261833817105014,90.69,0.4762766261834612
Se,"G238S, E104K, A42G, M182T, g4205a",pAEGM,TTGGTTGCACCAGACATT,32.08,176119,0.10539648381162575,2080000000,219224686.32818156,1671014,0.012082498551864508,607000,7334.076620981757,0.42938837211936043,90.69,0.4762766261834612
Se,"G238S, E104K, A42G, M182T, g4205a",pAEGM,CTGTTTTTGAACTTGAAG,45.36,111665,0.10332664321887963,1940000000,200453687.8446265,1080699,0.005526829034983765,607000,3354.785224235145,0.45824794849901496,90.69,0.4762766261834612
Se,"G238S, E104K, A42G, M182T, g4205a",pAEGM,TGAAGCACGTAAACTATC,45.36,241837,0.22377831385057265,1940000000,434129928.8701109,1080699,0.008417785760975273,607000,5109.5959569119905,0.4729157838151429,90.69,0.4762766261834612
Se,"G238S, E104K, A42G, M182T, g4205a",pAEGM,TTGGTTGCACCAGACATT,45.36,189267,0.17513387168860153,1940000000,339759711.07588696,1080699,0.012082498551864508,607000,7334.076620981757,0.4476442665687178,90.69,0.4762766261834612
Se,"G238S, E104K, A42G, M182T, g4205a",pAEGM,CTGTTTTTGAACTTGAAG,64.14,98028,0.09316240697111935,1410000000,131358993.82927829,1052227,0.005526829034983765,607000,3354.785224235145,0.44063756305252966,90.69,0.4762766261834612
Se,"G238S, E104K, A42G, M182T, g4205a",pAEGM,TGAAGCACGTAAACTATC,64.14,353476,0.3359313152009975,1410000000,473663154.4334065,1052227,0.008417785760975273,607000,5109.5959569119905,0.47654714047509655,90.69,0.4762766261834612
Se,"G238S, E104K, A42G, M182T, g4205a",pAEGM,TTGGTTGCACCAGACATT,64.14,330768,0.3143504205841515,1410000000,443234093.0236536,1052227,0.012082498551864508,607000,7334.076620981757,0.45872174246618846,90.69,0.4762766261834612
Se,"G238S, E104K, A42G, M182T, g4205a",pAEGM,CTGTTTTTGAACTTGAAG,90.69,59415,0.05009869649793964,1550000000,77652979.57180645,1185959,0.005526829034983765,607000,3354.785224235145,0.41873406032947347,90.69,0.4762766261834612
Se,"G238S, E104K, A42G, M182T, g4205a",pAEGM,TGAAGCACGTAAACTATC,90.69,435581,0.367281668253287,1550000000,569286585.7925949,1185959,0.008417785760975273,607000,5109.5959569119905,0.4842091216681571,90.69,0.4762766261834612
Se,"G238S, E104K, A42G, M182T, g4205a",pAEGM,TTGGTTGCACCAGACATT,90.69,516829,0.4357899387752865,1550000000,675474405.1016941,1185959,0.012082498551864508,607000,7334.076620981757,0.4762766261834612,90.69,0.4762766261834612
Se,"G238S, E104K, A42G, M182T, g4205a",pAEGM,CTGTTTTTGAACTTGAAG,128.24,63636,0.04810817308237493,1160000000,55805480.77555492,1322769,0.005526829034983765,607000,3354.785224235145,0.4049683172323758,90.69,0.4762766261834612
Se,"G238S, E104K, A42G, M182T, g4205a",pAEGM,TGAAGCACGTAAACTATC,128.24,512034,0.3870925308954171,1160000000,449027335.83868384,1322769,0.008417785760975273,607000,5109.5959569119905,0.4743216131033243,90.69,0.4762766261834612
Se,"G238S, E104K, A42G, M182T, g4205a",pAEGM,TTGGTTGCACCAGACATT,128.24,513257,0.3880171065393882,1160000000,450099843.5856903,1322769,0.012082498551864508,607000,7334.076620981757,0.4593622164504308,90.69,0.4762766261834612
Se,"G238S, E104K, A42G, M182T, g4205a",pAEGM,CTGTTTTTGAACTTGAAG,181.33,73802,0.09193051337689742,1580000000,145250211.13549793,802802,0.005526829034983765,607000,3354.785224235145,0.4448260573566958,90.69,0.4762766261834612
Se,"G238S, E104K, A42G, M182T, g4205a",pAEGM,TGAAGCACGTAAACTATC,181.33,205800,0.2563521266763162,1580000000,405036360.1485796,802802,0.008417785760975273,607000,5109.5959569119905,0.470025491175478,90.69,0.4762766261834612
Se,"G238S, E104K, A42G, M182T, g4205a",pAEGM,TTGGTTGCACCAGACATT,181.33,96378,0.12005201780762878,1580000000,189682188.13605347,802802,0.012082498551864508,607000,7334.076620981757,0.42335723915194756,90.69,0.4762766261834612
Se,"G238S, E104K, A42G, M182T, g4205a",pAEGM,CTGTTTTTGAACTTGAAG,256.4,196822,0.13916615698987836,700000000,97416309.89291485,1414295,0.005526829034983765,607000,3354.785224235145,0.4281817156899268,90.69,0.4762766261834612
Se,"G238S, E104K, A42G, M182T, g4205a",pAEGM,TGAAGCACGTAAACTATC,256.4,237677,0.1680533410639223,700000000,117637338.74474561,1414295,0.008417785760975273,607000,5109.5959569119905,0.4185100599330432,90.69,0.4762766261834612
Se,"G238S, E104K, A42G, M182T, g4205a",pAEGM,TTGGTTGCACCAGACATT,256.4,162819,0.11512378959128046,700000000,80586652.71389632,1414295,0.012082498551864508,607000,7334.076620981757,0.3876898666140838,90.69,0.4762766261834612
Se,"G238S, E104K, A42G, M182T, g4205a",pAEGM,CTGTTTTTGAACTTGAAG,362.55,122238,0.20686503967629424,1150000000,237894795.6277384,590907,0.005526829034983765,607000,3354.785224235145,0.465383169499859,90.69,0.4762766261834612
Se,"G238S, E104K, A42G, M182T, g4205a",pAEGM,TGAAGCACGTAAACTATC,362.55,21313,0.036068281472380594,1150000000,41478523.693237685,590907,0.008417785760975273,607000,5109.5959569119905,0.37507544745453936,90.69,0.4762766261834612
Se,"G238S, E104K, A42G, M182T, g4205a",pAEGM,TTGGTTGCACCAGACATT,362.55,37069,0.06273237582225291,1150000000,72142232.19559085,590907,0.012082498551864508,607000,7334.076620981757,0.38307764081536644,90.69,0.4762766261834612
Se,"G238S, E104K, A42G, M182T, g4205a",pAEGM,CTGTTTTTGAACTTGAAG,512.65,142286,0.08610811716939672,192000000,16532758.49652417,1652411,0.005526829034983765,607000,3354.785224235145,0.3542796376388336,90.69,0.4762766261834612
Se,"G238S, E104K, A42G, M182T, g4205a",pAEGM,TGAAGCACGTAAACTATC,512.65,705766,0.4271128671982939,192000000,82005670.50207242,1652411,0.008417785760975273,607000,5109.5959569119905,0.40347597268032237,90.69,0.4762766261834612
Se,"G238S, E104K, A42G, M182T, g4205a",pAEGM,TTGGTTGCACCAGACATT,512.65,343089,0.207629336769121,192000000,39864832.65967123,1652411,0.012082498551864508,607000,7334.076620981757,0.35836326292882986,90.69,0.4762766261834612
Ec,"G238S, E104K, A42G, M182T, g4205a",pAEGM,CTGTTTTTGAACTTGAAG,0,4328,0.005494665933705992,2440000000,13406984.878242621,787673,0.005322671765677285,407333.3333333333,2168.101632552547,0.3637366311974368,64.14,0.47846550385010117
Ec,"G238S, E104K, A42G, M182T, g4205a",pAEGM,TGAAGCACGTAAACTATC,0,7855,0.009972412409718245,2440000000,24332686.27971252,787673,0.008289948285602538,407333.3333333333,3376.7722683354336,0.37011064736755384,64.14,0.47846550385010117
Ec,"G238S, E104K, A42G, M182T, g4205a",pAEGM,TTGGTTGCACCAGACATT,0,8330,0.010575454535067218,2440000000,25804109.06556401,787673,0.009030463691278084,407333.3333333333,3678.4088769139394,0.3689920306690565,64.14,0.47846550385010117
Ec,"G238S, E104K, A42G, M182T, g4205a",pAEGM,CTGTTTTTGAACTTGAAG,0.0315,4207,0.005921999093471021,1060000000,6277319.0390792815,710402,0.005322671765677285,407333.3333333333,2168.101632552547,0.33211859594770976,64.14,0.47846550385010117
Ec,"G238S, E104K, A42G, M182T, g4205a",pAEGM,TGAAGCACGTAAACTATC,0.0315,6740,0.009487585902066718,1060000000,10056841.056190722,710402,0.008289948285602538,407333.3333333333,3376.7722683354336,0.3332953367075113,64.14,0.47846550385010117
Ec,"G238S, E104K, A42G, M182T, g4205a",pAEGM,TTGGTTGCACCAGACATT,0.0315,7115,0.010015456037567462,1060000000,10616383.39982151,710402,0.009030463691278084,407333.3333333333,3678.4088769139394,0.33198639176511535,64.14,0.47846550385010117
Ec,"G238S, E104K, A42G, M182T, g4205a",pAEGM,CTGTTTTTGAACTTGAAG,0.0445,3301,0.005726140934882277,980000000,5611618.116184631,576479,0.005322671765677285,407333.3333333333,2168.101632552547,0.32744760125928346,64.14,0.47846550385010117
Ec,"G238S, E104K, A42G, M182T, g4205a",pAEGM,TGAAGCACGTAAACTATC,0.0445,5760,0.009991690937571013,980000000,9791857.118819593,576479,0.008289948285602538,407333.3333333333,3376.7722683354336,0.33218275458245633,64.14,0.47846550385010117
Ec,"G238S, E104K, A42G, M182T, g4205a",pAEGM,TTGGTTGCACCAGACATT,0.0445,5841,0.010132199091380606,980000000,9929555.109552994,576479,0.009030463691278084,407333.3333333333,3678.4088769139394,0.32919961104559253,64.14,0.47846550385010117
Ec,"G238S, E104K, A42G, M182T, g4205a",pAEGM,CTGTTTTTGAACTTGAAG,0.0629,4974,0.006133282366504929,980000000,6010616.71917483,810985,0.005322671765677285,407333.3333333333,2168.101632552547,0.330309611533569,64.14,0.47846550385010117
Ec,"G238S, E104K, A42G, M182T, g4205a",pAEGM,TGAAGCACGTAAACTATC,0.0629,9148,0.011280109989703878,980000000,11054507.7899098,810985,0.008289948285602538,407333.3333333333,3376.7722683354336,0.33723638606268264,64.14,0.47846550385010117
Ec,"G238S, E104K, A42G, M182T, g4205a",pAEGM,TTGGTTGCACCAGACATT,0.0629,9386,0.011573580275837408,980000000,11342108.67032066,810985,0.009030463691278084,407333.3333333333,3678.4088769139394,0.3347415508950405,64.14,0.47846550385010117
Ec,"G238S, E104K, A42G, M182T, g4205a",pAEGM,CTGTTTTTGAACTTGAAG,0.0889,7216,0.00809253481606754,1060000000,8578086.905031592,891686,0.005322671765677285,407333.3333333333,2168.101632552547,0.3451297598006815,64.14,0.47846550385010117
Ec,"G238S, E104K, A42G, M182T, g4205a",pAEGM,TGAAGCACGTAAACTATC,0.0889,12018,0.013477838611349735,1060000000,14286508.92803072,891686,0.008289948285602538,407333.3333333333,3376.7722683354336,0.3479229431786322,64.14,0.47846550385010117
Ec,"G238S, E104K, A42G, M182T, g4205a",pAEGM,TTGGTTGCACCAGACATT,0.0889,12433,0.013943249080954507,1060000000,14779844.025811777,891686,0.009030463691278084,407333.3333333333,3678.4088769139394,0.34577247304629727,64.14,0.47846550385010117
Ec,"G238S, E104K, A42G, M182T, g4205a",pAEGM,CTGTTTTTGAACTTGAAG,0.1257,6841,0.00905996715579806,1320000000,11959156.64565344,755080,0.005322671765677285,407333.3333333333,2168.101632552547,0.35897502289494143,64.14,0.47846550385010117
Ec,"G238S, E104K, A42G, M182T, g4205a",pAEGM,TGAAGCACGTAAACTATC,0.1257,10515,0.0139256767494835,1320000000,18381893.30931822,755080,0.008289948285602538,407333.3333333333,3376.7722683354336,0.35842504569890843,64.14,0.47846550385010117
Ec,"G238S, E104K, A42G, M182T, g4205a",pAEGM,TTGGTTGCACCAGACATT,0.1257,11452,0.015166604863060868,1320000000,20019918.419240344,755080,0.009030463691278084,407333.3333333333,3678.4088769139394,0.35841677873416267,64.14,0.47846550385010117
Ec,"G238S, E104K, A42G, M182T, g4205a",pAEGM,CTGTTTTTGAACTTGAAG,0.1777,5067,0.010215458062591101,1320000000,13484404.642620252,496013,0.005322671765677285,407333.3333333333,2168.101632552547,0.3639765468347984,64.14,0.47846550385010117
Ec,"G238S, E104K, A42G, M182T, g4205a",pAEGM,TGAAGCACGTAAACTATC,0.1777,7749,0.01562257440833204,1320000000,20621798.218998294,496013,0.008289948285602538,407333.3333333333,3376.7722683354336,0.3632159857601086,64.14,0.47846550385010117
Ec,"G238S, E104K, A42G, M182T, g4205a",pAEGM,TTGGTTGCACCAGACATT,0.1777,8349,0.0168322201232629,1320000000,22218530.562707026,496013,0.009030463691278084,407333.3333333333,3678.4088769139394,0.3627584017265647,64.14,0.47846550385010117
Ec,"G238S, E104K, A42G, M182T, g4205a",pAEGM,CTGTTTTTGAACTTGAAG,0.2513,7068,0.010066368530492495,1460000000,14696898.054519042,702140,0.005322671765677285,407333.3333333333,2168.101632552547,0.36756415720158336,64.14,0.47846550385010117
Ec,"G238S, E104K, A42G, M182T, g4205a",pAEGM,TGAAGCACGTAAACTATC,0.2513,11876,0.016914005753838265,1460000000,24694448.400603868,702140,0.008289948285602538,407333.3333333333,3376.7722683354336,0.3707255597167279,64.14,0.47846550385010117
Ec,"G238S, E104K, A42G, M182T, g4205a",pAEGM,TTGGTTGCACCAGACATT,0.2513,12543,0.017863958754664313,1460000000,26081379.781809896,702140,0.009030463691278084,407333.3333333333,3678.4088769139394,0.3694373596711412,64.14,0.47846550385010117
Ec,"G238S, E104K, A42G, M182T, g4205a",pAEGM,CTGTTTTTGAACTTGAAG,0.3553,7409,0.010976263774033263,1260000000,13830092.355281912,675002,0.005322671765677285,407333.3333333333,2168.101632552547,0.36503125589869967,64.14,0.47846550385010117
Ec,"G238S, E104K, A42G, M182T, g4205a",pAEGM,TGAAGCACGTAAACTATC,0.3553,11853,0.01755994797052453,1260000000,22125534.44286091,675002,0.008289948285602538,407333.3333333333,3376.7722683354336,0.36614863842296,64.14,0.47846550385010117
Ec,"G238S, E104K, A42G, M182T, g4205a",pAEGM,TTGGTTGCACCAGACATT,0.3553,12861,0.01905327687917962,1260000000,24007128.86776632,675002,0.009030463691278084,407333.3333333333,3678.4088769139394,0.36598440887927186,64.14,0.47846550385010117
Ec,"G238S, E104K, A42G, M182T, g4205a",pAEGM,CTGTTTTTGAACTTGAAG,0.5024,10140,0.010239135308052564,1500000000,15358702.962078847,990318,0.005322671765677285,407333.3333333333,2168.101632552547,0.36939939998337123,64.14,0.47846550385010117
Ec,"G238S, E104K, A42G, M182T, g4205a",pAEGM,TGAAGCACGTAAACTATC,0.5024,18723,0.018906048360223686,1500000000,28359072.54033553,990318,0.008289948285602538,407333.3333333333,3376.7722683354336,0.37649091558238723,64.14,0.47846550385010117
Ec,"G238S, E104K, A42G, M182T, g4205a",pAEGM,TTGGTTGCACCAGACATT,0.5024,18870,0.01905448552889072,1500000000,28581728.29333608,990318,0.009030463691278084,407333.3333333333,3678.4088769139394,0.3732517763959431,64.14,0.47846550385010117
Ec,"G238S, E104K, A42G, M182T, g4205a",pAEGM,CTGTTTTTGAACTTGAAG,0.7104,7769,0.011540969774216502,1240000000,14310802.520028463,673167,0.005322671765677285,407333.3333333333,2168.101632552547,0.3664549162949962,64.14,0.47846550385010117
Ec,"G238S, E104K, A42G, M182T, g4205a",pAEGM,TGAAGCACGTAAACTATC,0.7104,14139,0.02100370339009488,1240000000,26044592.20371765,673167,0.008289948285602538,407333.3333333333,3376.7722683354336,0.37294354706836386,64.14,0.47846550385010117
Ec,"G238S, E104K, A42G, M182T, g4205a",pAEGM,TTGGTTGCACCAGACATT,0.7104,15033,0.022331754230376713,1240000000,27691375.245667122,673167,0.009030463691278084,407333.3333333333,3678.4088769139394,0.37193316635173435,64.14,0.47846550385010117
Ec,"G238S, E104K, A42G, M182T, g4205a",pAEGM,CTGTTTTTGAACTTGAAG,1.0045,8786,0.011722075018078091,1860000000,21803059.53362525,749526,0.005322671765677285,407333.3333333333,2168.101632552547,0.3839980676477715,64.14,0.47846550385010117
Ec,"G238S, E104K, A42G, M182T, g4205a",pAEGM,TGAAGCACGTAAACTATC,1.0045,15748,0.021010612040142703,1860000000,39079738.39466543,749526,0.008289948285602538,407333.3333333333,3376.7722683354336,0.3898516295414093,64.14,0.47846550385010117
Ec,"G238S, E104K, A42G, M182T, g4205a",pAEGM,TTGGTTGCACCAGACATT,1.0045,16511,0.022028588734747025,1860000000,40973175.046629466,749526,0.009030463691278084,407333.3333333333,3678.4088769139394,0.3882580240052885,64.14,0.47846550385010117
Ec,"G238S, E104K, A42G, M182T, g4205a",pAEGM,CTGTTTTTGAACTTGAAG,1.42,13076,0.012651957008890042,1260000000,15941465.831201453,1033516,0.005322671765677285,407333.3333333333,2168.101632552547,0.3709511227688075,64.14,0.47846550385010117
Ec,"G238S, E104K, A42G, M182T, g4205a",pAEGM,TGAAGCACGTAAACTATC,1.42,25241,0.02442245693341951,1260000000,30772295.736108582,1033516,0.008289948285602538,407333.3333333333,3376.7722683354336,0.37989374050201424,64.14,0.47846550385010117
Ec,"G238S, E104K, A42G, M182T, g4205a",pAEGM,TTGGTTGCACCAGACATT,1.42,26557,0.025695780229817437,1260000000,32376683.08956997,1033516,0.009030463691278084,407333.3333333333,3678.4088769139394,0.37844639569563276,64.14,0.47846550385010117
Ec,"G238S, E104K, A42G, M182T, g4205a",pAEGM,CTGTTTTTGAACTTGAAG,2.01,14853,0.015332493055318992,1320000000,20238890.833021067,968727,0.005322671765677285,407333.3333333333,2168.101632552547,0.3808962233415598,64.14,0.47846550385010117
Ec,"G238S, E104K, A42G, M182T, g4205a",pAEGM,TGAAGCACGTAAACTATC,2.01,26622,0.027481426655807054,1320000000,36275483.18566531,968727,0.008289948285602538,407333.3333333333,3376.7722683354336,0.3867490456122613,64.14,0.47846550385010117
Ec,"G238S, E104K, A42G, M182T, g4205a",pAEGM,TTGGTTGCACCAGACATT,2.01,28277,0.029189854313960487,1320000000,38530607.69442784,968727,0.009030463691278084,407333.3333333333,3678.4088769139394,0.3856969967166183,64.14,0.47846550385010117
Ec,"G238S, E104K, A42G, M182T, g4205a",pAEGM,CTGTTTTTGAACTTGAAG,2.84,16760,0.020534283431920763,750000000,15400712.573940573,816196,0.005322671765677285,407333.3333333333,2168.101632552547,0.3695132123918361,64.14,0.47846550385010117
Ec,"G238S, E104K, A42G, M182T, g4205a",pAEGM,TGAAGCACGTAAACTATC,2.84,28549,0.03497811800106837,750000000,26233588.500801276,816196,0.008289948285602538,407333.3333333333,3376.7722683354336,0.3732448153953507,64.14,0.47846550385010117
Ec,"G238S, E104K, A42G, M182T, g4205a",pAEGM,TTGGTTGCACCAGACATT,2.84,30197,0.03699724085881333,750000000,27747930.644109994,816196,0.009030463691278084,407333.3333333333,3678.4088769139394,0.3720181773638579,64.14,0.47846550385010117
Ec,"G238S, E104K, A42G, M182T, g4205a",pAEGM,CTGTTTTTGAACTTGAAG,4.02,13654,0.03021785894496428,1070000000,32333109.07111178,451852,0.005322671765677285,407333.3333333333,2168.101632552547,0.40041646132858644,64.14,0.47846550385010117
Ec,"G238S, E104K, A42G, M182T, g4205a",pAEGM,TGAAGCACGTAAACTATC,4.02,21044,0.04657277161548472,1070000000,49832865.62856865,451852,0.008289948285602538,407333.3333333333,3376.7722683354336,0.3999795706115813,64.14,0.47846550385010117
Ec,"G238S, E104K, A42G, M182T, g4205a",pAEGM,TTGGTTGCACCAGACATT,4.02,22544,0.04989244265821552,1070000000,53384913.6442906,451852,0.009030463691278084,407333.3333333333,3678.4088769139394,0.3992834658637755,64.14,0.47846550385010117
Ec,"G238S, E104K, A42G, M182T, g4205a",pAEGM,CTGTTTTTGAACTTGAAG,5.68,10650,0.03808372698437673,1080000000,41130425.14312687,279647,0.005322671765677285,407333.3333333333,2168.101632552547,0.41044380986578455,64.14,0.47846550385010117
Ec,"G238S, E104K, A42G, M182T, g4205a",pAEGM,TGAAGCACGTAAACTATC,5.68,15827,0.056596351829270475,1080000000,61124059.97561211,279647,0.008289948285602538,407333.3333333333,3376.7722683354336,0.4084891893705811,64.14,0.47846550385010117
Ec,"G238S, E104K, A42G, M182T, g4205a",pAEGM,TTGGTTGCACCAGACATT,5.68,17206,0.0615275686848062,1080000000,66449774.1795907,279647,0.009030463691278084,407333.3333333333,3678.4088769139394,0.4084050573961189,64.14,0.47846550385010117
Ec,"G238S, E104K, A42G, M182T, g4205a",pAEGM,CTGTTTTTGAACTTGAAG,8.03,28361,0.03649251839680483,1560000000,56928328.69901553,777173,0.005322671765677285,407333.3333333333,2168.101632552547,0.4239873501428919,64.14,0.47846550385010117
Ec,"G238S, E104K, A42G, M182T, g4205a",pAEGM,TGAAGCACGTAAACTATC,8.03,47634,0.06129137270594835,1560000000,95614541.42127943,777173,0.008289948285602538,407333.3333333333,3376.7722683354336,0.42713166213944487,64.14,0.47846550385010117
Ec,"G238S, E104K, A42G, M182T, g4205a",pAEGM,TTGGTTGCACCAGACATT,8.03,49941,0.06425982374580692,1560000000,100245325.0434588,777173,0.009030463691278084,407333.3333333333,3678.4088769139394,0.4255373092841886,64.14,0.47846550385010117
Ec,"G238S, E104K, A42G, M182T, g4205a",pAEGM,CTGTTTTTGAACTTGAAG,11.35,6423,0.0473815829269912,1420000000,67281847.7563275,135559,0.005322671765677285,407333.3333333333,2168.101632552547,0.43094974154110377,64.14,0.47846550385010117
Ec,"G238S, E104K, A42G, M182T, g4205a",pAEGM,TGAAGCACGTAAACTATC,11.35,9717,0.07168096548366394,1420000000,101786970.9868028,135559,0.008289948285602538,407333.3333333333,3376.7722683354336,0.4297382118953142,64.14,0.47846550385010117
Ec,"G238S, E104K, A42G, M182T, g4205a",pAEGM,TTGGTTGCACCAGACATT,11.35,10834,0.07992092004219564,1420000000,113487706.45991781,135559,0.009030463691278084,407333.3333333333,3678.4088769139394,0.43070706285961846,64.14,0.47846550385010117
Ec,"G238S, E104K, A42G, M182T, g4205a",pAEGM,CTGTTTTTGAACTTGAAG,16.05,37450,0.049546212261529915,2540000000,125847379.14428598,755860,0.005322671765677285,407333.3333333333,2168.101632552547,0.45704055058959203,64.14,0.47846550385010117
Ec,"G238S, E104K, A42G, M182T, g4205a",pAEGM,TGAAGCACGTAAACTATC,16.05,74293,0.0982893657555632,2540000000,249654989.01913053,755860,0.008289948285602538,407333.3333333333,3376.7722683354336,0.46712145403084976,64.14,0.47846550385010117
Ec,"G238S, E104K, A42G, M182T, g4205a",pAEGM,TTGGTTGCACCAGACATT,16.05,80275,0.10620352975418729,2540000000,269756965.57563573,755860,0.009030463691278084,407333.3333333333,3678.4088769139394,0.46678318403528574,64.14,0.47846550385010117
Ec,"G238S, E104K, A42G, M182T, g4205a",pAEGM,CTGTTTTTGAACTTGAAG,22.69,46435,0.0434551093326246,1040000000,45193313.705929585,1068574,0.005322671765677285,407333.3333333333,2168.101632552547,0.41436885279399227,64.14,0.47846550385010117
Ec,"G238S, E104K, A42G, M182T, g4205a",pAEGM,TGAAGCACGTAAACTATC,22.69,128292,0.12005906937657101,1040000000,124861432.15163386,1068574,0.008289948285602538,407333.3333333333,3376.7722683354336,0.4382516481486088,64.14,0.47846550385010117
Ec,"G238S, E104K, A42G, M182T, g4205a",pAEGM,TTGGTTGCACCAGACATT,22.69,131062,0.12265130912786573,1040000000,127557361.49298036,1068574,0.009030463691278084,407333.3333333333,3678.4088769139394,0.4355767145080514,64.14,0.47846550385010117
Ec,"G238S, E104K, A42G, M182T, g4205a",pAEGM,CTGTTTTTGAACTTGAAG,32.08,55709,0.04474873667494291,1460000000,65333155.54541665,1244929,0.005322671765677285,407333.3333333333,2168.101632552547,0.42972512363895554,64.14,0.47846550385010117
Ec,"G238S, E104K, A42G, M182T, g4205a",pAEGM,TGAAGCACGTAAACTATC,32.08,185393,0.14891853270347144,1460000000,217421057.74706832,1244929,0.008289948285602538,407333.3333333333,3376.7722683354336,0.46136128365406714,64.14,0.47846550385010117
Ec,"G238S, E104K, A42G, M182T, g4205a",pAEGM,TTGGTTGCACCAGACATT,32.08,182569,0.14665013024839169,1460000000,214109190.16265187,1244929,0.009030463691278084,407333.3333333333,3678.4088769139394,0.4571567129169003,64.14,0.47846550385010117
Ec,"G238S, E104K, A42G, M182T, g4205a",pAEGM,CTGTTTTTGAACTTGAAG,45.36,31068,0.062456275782211176,1360000000,84940535.0638072,497436,0.005322671765677285,407333.3333333333,2168.101632552547,0.4406606142583346,64.14,0.47846550385010117
Ec,"G238S, E104K, A42G, M182T, g4205a",pAEGM,TGAAGCACGTAAACTATC,45.36,102701,0.2064607306266535,1360000000,280786593.65224874,497436,0.008289948285602538,407333.3333333333,3376.7722683354336,0.47201791264781195,64.14,0.47846550385010117
Ec,"G238S, E104K, A42G, M182T, g4205a",pAEGM,TTGGTTGCACCAGACATT,45.36,103562,0.20819160655843164,1360000000,283140584.91946703,497436,0.009030463691278084,407333.3333333333,3678.4088769139394,0.4688007721458185,64.14,0.47846550385010117
Ec,"G238S, E104K, A42G, M182T, g4205a",pAEGM,CTGTTTTTGAACTTGAAG,64.14,44334,0.060554323240490836,1260000000,76298447.28301845,732136,0.005322671765677285,407333.3333333333,2168.101632552547,0.4361898294144235,64.14,0.47846550385010117
Ec,"G238S, E104K, A42G, M182T, g4205a",pAEGM,TGAAGCACGTAAACTATC,64.14,216385,0.2955530120086978,1260000000,372396795.1309593,732136,0.008289948285602538,407333.3333333333,3376.7722683354336,0.48378312147164704,64.14,0.47846550385010117
Ec,"G238S, E104K, A42G, M182T, g4205a",pAEGM,TTGGTTGCACCAGACATT,64.14,207472,0.28337904433056155,1260000000,357057595.85650754,732136,0.009030463691278084,407333.3333333333,3678.4088769139394,0.47846550385010117,64.14,0.47846550385010117
Ec,"G238S, E104K, A42G, M182T, g4205a",pAEGM,CTGTTTTTGAACTTGAAG,90.69,23611,0.027902255248143475,1370000000,38226089.68995656,846204,0.005322671765677285,407333.3333333333,2168.101632552547,0.40739256569529847,64.14,0.47846550385010117
Ec,"G238S, E104K, A42G, M182T, g4205a",pAEGM,TGAAGCACGTAAACTATC,90.69,222126,0.26249698654225223,1370000000,359620871.5628856,846204,0.008289948285602538,407333.3333333333,3376.7722683354336,0.48232855491275145,64.14,0.47846550385010117
Ec,"G238S, E104K, A42G, M182T, g4205a",pAEGM,TTGGTTGCACCAGACATT,90.69,218223,0.25788462356594866,1370000000,353301934.28534967,846204,0.009030463691278084,407333.3333333333,3678.4088769139394,0.4780249174984693,64.14,0.47846550385010117
Ec,"G238S, E104K, A42G, M182T, g4205a",pAEGM,CTGTTTTTGAACTTGAAG,128.24,9863,0.010502407578174415,480000000,5041155.637523719,939118,0.005322671765677285,407333.3333333333,2168.101632552547,0.32298077779078904,64.14,0.47846550385010117
Ec,"G238S, E104K, A42G, M182T, g4205a",pAEGM,TGAAGCACGTAAACTATC,128.24,228477,0.24328891576990325,480000000,116778679.56955355,939118,0.008289948285602538,407333.3333333333,3376.7722683354336,0.4354631454891418,64.14,0.47846550385010117
Ec,"G238S, E104K, A42G, M182T, g4205a",pAEGM,TTGGTTGCACCAGACATT,128.24,363439,0.38700035565285723,480000000,185760170.7133715,939118,0.009030463691278084,407333.3333333333,3678.4088769139394,0.4512388094855393,64.14,0.47846550385010117
Ec,"G238S, E104K, A42G, M182T, g4205a",pAEGM,CTGTTTTTGAACTTGAAG,181.33,24531,0.05237380519788293,114000000,5970613.792558654,468383,0.005322671765677285,407333.3333333333,2168.101632552547,0.33003137720680753,64.14,0.47846550385010117
Ec,"G238S, E104K, A42G, M182T, g4205a",pAEGM,TGAAGCACGTAAACTATC,181.33,277784,0.5930702010961115,114000000,67610002.92495671,468383,0.008289948285602538,407333.3333333333,3376.7722683354336,0.41269128834600133,64.14,0.47846550385010117
Ec,"G238S, E104K, A42G, M182T, g4205a",pAEGM,TTGGTTGCACCAGACATT,181.33,44090,0.09413236603378004,114000000,10731089.727850925,468383,0.009030463691278084,407333.3333333333,3678.4088769139394,0.3324341708820658,64.14,0.47846550385010117
Kp,"G238S, E104K, A42G, M182T, g4205a",pAEGM,CTGTTTTTGAACTTGAAG,0,4452,0.007005904347059787,3000000000,21017713.04117936,635464,0.007479643123939935,321000,2400.965442784719,0.3782187464598464,16.05,0.541446955284667
Kp,"G238S, E104K, A42G, M182T, g4205a",pAEGM,TGAAGCACGTAAACTATC,0,4869,0.007662117759621316,3000000000,22986353.278863948,635464,0.009474145549980158,321000,3041.200721543631,0.3721001488120038,16.05,0.541446955284667
Kp,"G238S, E104K, A42G, M182T, g4205a",pAEGM,TTGGTTGCACCAGACATT,0,4222,0.006643964095527048,3000000000,19931892.286581144,635464,0.00783295498226706,321000,2514.3785493077266,0.3740854450006136,16.05,0.541446955284667
Kp,"G238S, E104K, A42G, M182T, g4205a",pAEGM,CTGTTTTTGAACTTGAAG,0.0315,3953,0.007777148208481873,2360000000,18354069.77201722,508284,0.007479643123939935,321000,2400.965442784719,0.3725723204391661,16.05,0.541446955284667
Kp,"G238S, E104K, A42G, M182T, g4205a",pAEGM,TGAAGCACGTAAACTATC,0.0315,4498,0.008849383415570823,2360000000,20884544.860747144,508284,0.009474145549980158,321000,3041.200721543631,0.3681046780177949,16.05,0.541446955284667
Kp,"G238S, E104K, A42G, M182T, g4205a",pAEGM,TTGGTTGCACCAGACATT,0.0315,4112,0.008089965452384888,2360000000,19092318.467628334,508284,0.00783295498226706,321000,2514.3785493077266,0.37229232013932856,16.05,0.541446955284667
Kp,"G238S, E104K, A42G, M182T, g4205a",pAEGM,CTGTTTTTGAACTTGAAG,0.0445,5683,0.010239510492660453,2180000000,22322132.873999786,555007,0.007479643123939935,321000,2400.965442784719,0.38072762693782886,16.05,0.541446955284667
Kp,"G238S, E104K, A42G, M182T, g4205a",pAEGM,TGAAGCACGTAAACTATC,0.0445,6380,0.011495350509092677,2180000000,25059864.10982204,555007,0.009474145549980158,321000,3041.200721543631,0.3756987664255883,16.05,0.541446955284667
Kp,"G238S, E104K, A42G, M182T, g4205a",pAEGM,TTGGTTGCACCAGACATT,0.0445,6100,0.010990852367627795,2180000000,23960058.161428593,555007,0.00783295498226706,321000,2514.3785493077266,0.3817549085140731,16.05,0.541446955284667
Kp,"G238S, E104K, A42G, M182T, g4205a",pAEGM,CTGTTTTTGAACTTGAAG,0.0629,11071,0.01065989065692503,3480000000,37096419.4860991,1038566,0.007479643123939935,321000,2400.965442784719,0.4018918670765271,16.05,0.541446955284667
Kp,"G238S, E104K, A42G, M182T, g4205a",pAEGM,TGAAGCACGTAAACTATC,0.0629,13329,0.012834042323742545,3480000000,44662467.28662406,1038566,0.009474145549980158,321000,3041.200721543631,0.3997765149269048,16.05,0.541446955284667
Kp,"G238S, E104K, A42G, M182T, g4205a",pAEGM,TTGGTTGCACCAGACATT,0.0629,11698,0.011263607705239724,3480000000,39197354.81423424,1038566,0.00783295498226706,321000,2514.3785493077266,0.40226411953940566,16.05,0.541446955284667
Kp,"G238S, E104K, A42G, M182T, g4205a",pAEGM,CTGTTTTTGAACTTGAAG,0.0889,7344,0.01072094876893027,3040000000,32591684.25754802,685014,0.007479643123939935,321000,2400.965442784719,0.39649756359992333,16.05,0.541446955284667
Kp,"G238S, E104K, A42G, M182T, g4205a",pAEGM,TGAAGCACGTAAACTATC,0.0889,8311,0.012132598749806574,3040000000,36883100.19941199,685014,0.009474145549980158,321000,3041.200721543631,0.39180234684647397,16.05,0.541446955284667
Kp,"G238S, E104K, A42G, M182T, g4205a",pAEGM,TTGGTTGCACCAGACATT,0.0889,7797,0.011382249121915756,3040000000,34602037.330623895,685014,0.00783295498226706,321000,2514.3785493077266,0.3970684235988756,16.05,0.541446955284667
Kp,"G238S, E104K, A42G, M182T, g4205a",pAEGM,CTGTTTTTGAACTTGAAG,0.1257,10867,0.014007078943365876,3440000000,48184351.56517861,775822,0.007479643123939935,321000,2400.965442784719,0.4127882777795611,16.05,0.541446955284667
Kp,"G238S, E104K, A42G, M182T, g4205a",pAEGM,TGAAGCACGTAAACTATC,0.1257,10810,0.013933608482358067,3440000000,47931613.17931175,775822,0.009474145549980158,321000,3041.200721543631,0.4027199223726827,16.05,0.541446955284667
Kp,"G238S, E104K, A42G, M182T, g4205a",pAEGM,TTGGTTGCACCAGACATT,0.1257,10564,0.01361652544011384,3440000000,46840847.51399161,775822,0.00783295498226706,321000,2514.3785493077266,0.40968688483455085,16.05,0.541446955284667
Kp,"G238S, E104K, A42G, M182T, g4205a",pAEGM,CTGTTTTTGAACTTGAAG,0.1777,7816,0.016064422114477506,3880000000,62329957.804172724,486541,0.007479643123939935,321000,2400.965442784719,0.4235136053556335,16.05,0.541446955284667
Kp,"G238S, E104K, A42G, M182T, g4205a",pAEGM,TGAAGCACGTAAACTATC,0.1777,8045,0.01653509159556954,3880000000,64156155.39080981,486541,0.009474145549980158,321000,3041.200721543631,0.4148676211209826,16.05,0.541446955284667
Kp,"G238S, E104K, A42G, M182T, g4205a",pAEGM,TTGGTTGCACCAGACATT,0.1777,7370,0.015147747055232755,3880000000,58773258.57430309,486541,0.00783295498226706,321000,2514.3785493077266,0.41914235704006453,16.05,0.541446955284667
Kp,"G238S, E104K, A42G, M182T, g4205a",pAEGM,CTGTTTTTGAACTTGAAG,0.2513,11881,0.017137029889195635,3200000000,54838495.645426035,693294,0.007479643123939935,321000,2400.965442784719,0.4181781990543532,16.05,0.541446955284667
Kp,"G238S, E104K, A42G, M182T, g4205a",pAEGM,TGAAGCACGTAAACTATC,0.2513,13307,0.019193877344964763,3200000000,61420407.50388724,693294,0.009474145549980158,321000,3041.200721543631,0.413051875710602,16.05,0.541446955284667
Kp,"G238S, E104K, A42G, M182T, g4205a",pAEGM,TTGGTTGCACCAGACATT,0.2513,12328,0.017781778004713727,3200000000,56901689.615083925,693294,0.00783295498226706,321000,2514.3785493077266,0.41779394328382186,16.05,0.541446955284667
Kp,"G238S, E104K, A42G, M182T, g4205a",pAEGM,CTGTTTTTGAACTTGAAG,0.3553,14477,0.019818638308824132,3080000000,61041405.99117833,730474,0.007479643123939935,321000,2400.965442784719,0.4226431989721541,16.05,0.541446955284667
Kp,"G238S, E104K, A42G, M182T, g4205a",pAEGM,TGAAGCACGTAAACTATC,0.3553,15509,0.021231419598781064,3080000000,65392772.364245676,730474,0.009474145549980158,321000,3041.200721543631,0.4156631085584009,16.05,0.541446955284667
Kp,"G238S, E104K, A42G, M182T, g4205a",pAEGM,TTGGTTGCACCAGACATT,0.3553,14815,0.02028135156076739,3080000000,62466562.80716356,730474,0.00783295498226706,321000,2514.3785493077266,0.42168170925628756,16.05,0.541446955284667
Kp,"G238S, E104K, A42G, M182T, g4205a",pAEGM,CTGTTTTTGAACTTGAAG,0.5024,18571,0.018876075126189475,4000000000,75504300.5047579,983838,0.007479643123939935,321000,2400.965442784719,0.43150308206875004,16.05,0.541446955284667
Kp,"G238S, E104K, A42G, M182T, g4205a",pAEGM,TGAAGCACGTAAACTATC,0.5024,21417,0.021768827794819878,4000000000,87075311.1792795,983838,0.009474145549980158,321000,3041.200721543631,0.4275948440538347,16.05,0.541446955284667
Kp,"G238S, E104K, A42G, M182T, g4205a",pAEGM,TTGGTTGCACCAGACATT,0.5024,20443,0.02077882740857743,4000000000,83115309.63430971,983838,0.00783295498226706,321000,2514.3785493077266,0.4335816050003141,16.05,0.541446955284667
Kp,"G238S, E104K, A42G, M182T, g4205a",pAEGM,CTGTTTTTGAACTTGAAG,0.7104,15306,0.020031278423776836,3120000000,62497588.68218373,764105,0.007479643123939935,321000,2400.965442784719,0.4236255137334295,16.05,0.541446955284667
Kp,"G238S, E104K, A42G, M182T, g4205a",pAEGM,TGAAGCACGTAAACTATC,0.7104,18469,0.02417076187173229,3120000000,75412777.03980474,764105,0.009474145549980158,321000,3041.200721543631,0.4216033160322028,16.05,0.541446955284667
Kp,"G238S, E104K, A42G, M182T, g4205a",pAEGM,TTGGTTGCACCAGACATT,0.7104,17303,0.022644793582033883,3120000000,70651755.97594571,764105,0.00783295498226706,321000,2514.3785493077266,0.4268121902939446,16.05,0.541446955284667
Kp,"G238S, E104K, A42G, M182T, g4205a",pAEGM,CTGTTTTTGAACTTGAAG,1.0045,21064,0.022869352418631618,3220000000,73639314.7879938,921058,0.007479643123939935,321000,2400.965442784719,0.430460975255089,16.05,0.541446955284667
Kp,"G238S, E104K, A42G, M182T, g4205a",pAEGM,TGAAGCACGTAAACTATC,1.0045,23109,0.025089625191898883,3220000000,80788593.11791441,921058,0.009474145549980158,321000,3041.200721543631,0.42447244369298254,16.05,0.541446955284667
Kp,"G238S, E104K, A42G, M182T, g4205a",pAEGM,TTGGTTGCACCAGACATT,1.0045,22094,0.023987631614947158,3220000000,77240173.80012985,921058,0.00783295498226706,321000,2514.3785493077266,0.4305270546393247,16.05,0.541446955284667
Kp,"G238S, E104K, A42G, M182T, g4205a",pAEGM,CTGTTTTTGAACTTGAAG,1.42,29973,0.0274545401252322,3100000000,85109074.38821982,1091732,0.007479643123939935,321000,2400.965442784719,0.4364924173601168,16.05,0.541446955284667
Kp,"G238S, E104K, A42G, M182T, g4205a",pAEGM,TGAAGCACGTAAACTATC,1.42,36167,0.03312809370797962,3100000000,102697090.4947368,1091732,0.009474145549980158,321000,3041.200721543631,0.43447027723950493,16.05,0.541446955284667
Kp,"G238S, E104K, A42G, M182T, g4205a",pAEGM,TTGGTTGCACCAGACATT,1.42,35249,0.032287228001011234,3100000000,100090406.80313483,1091732,0.00783295498226706,321000,2514.3785493077266,0.4413251437187893,16.05,0.541446955284667
Kp,"G238S, E104K, A42G, M182T, g4205a",pAEGM,CTGTTTTTGAACTTGAAG,2.01,40809,0.03560373407782237,2780000000,98978380.7363462,1146200,0.007479643123939935,321000,2400.965442784719,0.4427827418573221,16.05,0.541446955284667
Kp,"G238S, E104K, A42G, M182T, g4205a",pAEGM,TGAAGCACGTAAACTATC,2.01,45839,0.039992147967195954,2780000000,111178171.34880476,1146200,0.009474145549980158,321000,3041.200721543631,0.4377765387116937,16.05,0.541446955284667
Kp,"G238S, E104K, A42G, M182T, g4205a",pAEGM,TTGGTTGCACCAGACATT,2.01,46007,0.04013871924620485,2780000000,111585639.50444949,1146200,0.00783295498226706,321000,2514.3785493077266,0.44585508196028223,16.05,0.541446955284667
Kp,"G238S, E104K, A42G, M182T, g4205a",pAEGM,CTGTTTTTGAACTTGAAG,2.84,38315,0.0511084047748309,3040000000,155369550.5154859,749681,0.007479643123939935,321000,2400.965442784719,0.46157045128311547,16.05,0.541446955284667
Kp,"G238S, E104K, A42G, M182T, g4205a",pAEGM,TGAAGCACGTAAACTATC,2.84,35557,0.047429506683509384,3040000000,144185700.31786853,749681,0.009474145549980158,321000,3041.200721543631,0.4486085384028874,16.05,0.541446955284667
Kp,"G238S, E104K, A42G, M182T, g4205a",pAEGM,TTGGTTGCACCAGACATT,2.84,35835,0.04780033107415021,3040000000,145313006.46541664,749681,0.00783295498226706,321000,2514.3785493077266,0.4568591535326612,16.05,0.541446955284667
Kp,"G238S, E104K, A42G, M182T, g4205a",pAEGM,CTGTTTTTGAACTTGAAG,4.02,21981,0.04667711438982749,3760000000,175505950.10575137,470916,0.007479643123939935,321000,2400.965442784719,0.46664822086487323,16.05,0.541446955284667
Kp,"G238S, E104K, A42G, M182T, g4205a",pAEGM,TGAAGCACGTAAACTATC,4.02,21126,0.044861503962490126,3760000000,168679254.8989629,470916,0.009474145549980158,321000,3041.200721543631,0.4551459116240211,16.05,0.541446955284667
Kp,"G238S, E104K, A42G, M182T, g4205a",pAEGM,TTGGTTGCACCAGACATT,4.02,21638,0.0459487466979249,3760000000,172767287.5841976,470916,0.00783295498226706,321000,2514.3785493077266,0.46406979725591607,16.05,0.541446955284667
Kp,"G238S, E104K, A42G, M182T, g4205a",pAEGM,CTGTTTTTGAACTTGAAG,5.68,14207,0.056055554459547435,3360000000,188346662.9840794,253445,0.007479643123939935,321000,2400.965442784719,0.46959035714873587,16.05,0.541446955284667
Kp,"G238S, E104K, A42G, M182T, g4205a",pAEGM,TGAAGCACGTAAACTATC,5.68,13756,0.05427607567716862,3360000000,182367614.27528656,253445,0.009474145549980158,321000,3041.200721543631,0.4583969739964273,16.05,0.541446955284667
Kp,"G238S, E104K, A42G, M182T, g4205a",pAEGM,TTGGTTGCACCAGACATT,5.68,12734,0.050243642604904416,3360000000,168818639.15247884,253445,0.00783295498226706,321000,2514.3785493077266,0.46310644171833903,16.05,0.541446955284667
Kp,"G238S, E104K, A42G, M182T, g4205a",pAEGM,CTGTTTTTGAACTTGAAG,8.03,63143,0.09510232729069144,2680000000,254874237.13905308,663948,0.007479643123939935,321000,2400.965442784719,0.4821939412708612,16.05,0.541446955284667
Kp,"G238S, E104K, A42G, M182T, g4205a",pAEGM,TGAAGCACGTAAACTATC,8.03,72268,0.10884587347201889,2680000000,291706940.90501064,663948,0.009474145549980158,321000,3041.200721543631,0.47796885577556664,16.05,0.541446955284667
Kp,"G238S, E104K, A42G, M182T, g4205a",pAEGM,TTGGTTGCACCAGACATT,8.03,64349,0.09691873459969756,2680000000,259742208.72718945,663948,0.00783295498226706,321000,2514.3785493077266,0.4810591349128681,16.05,0.541446955284667
Kp,"G238S, E104K, A42G, M182T, g4205a",pAEGM,CTGTTTTTGAACTTGAAG,11.35,16900,0.13727226206818127,3240000000,444762129.1009073,123113,0.007479643123939935,321000,2400.965442784719,0.5053926646912953,16.05,0.541446955284667
Kp,"G238S, E104K, A42G, M182T, g4205a",pAEGM,TGAAGCACGTAAACTATC,11.35,29612,0.2405269955244369,3240000000,779307465.4991755,123113,0.009474145549980158,321000,3041.200721543631,0.5189128553294761,16.05,0.541446955284667
Kp,"G238S, E104K, A42G, M182T, g4205a",pAEGM,TTGGTTGCACCAGACATT,11.35,27457,0.22302275145597947,3240000000,722593714.7173735,123113,0.00783295498226706,321000,2514.3785493077266,0.5236906968408898,16.05,0.541446955284667
Kp,"G238S, E104K, A42G, M182T, g4205a",pAEGM,CTGTTTTTGAACTTGAAG,16.05,68718,0.07678297674543333,3920000000,300989268.84209865,894964,0.007479643123939935,321000,2400.965442784719,0.4891232902964684,16.05,0.541446955284667
Kp,"G238S, E104K, A42G, M182T, g4205a",pAEGM,TGAAGCACGTAAACTATC,16.05,363882,0.4065884214337113,3920000000,1593826612.0201483,894964,0.009474145549980158,321000,3041.200721543631,0.5487248310580144,16.05,0.541446955284667
Kp,"G238S, E104K, A42G, M182T, g4205a",pAEGM,TTGGTTGCACCAGACATT,16.05,252632,0.2822817454109886,3920000000,1106544442.0110753,894964,0.00783295498226706,321000,2514.3785493077266,0.541446955284667,16.05,0.541446955284667
Kp,"G238S, E104K, A42G, M182T, g4205a",pAEGM,CTGTTTTTGAACTTGAAG,22.69,40990,0.039110916038910544,3400000000,132977114.53229585,1048045,0.007479643123939935,321000,2400.965442784719,0.45508589153830603,16.05,0.541446955284667
Kp,"G238S, E104K, A42G, M182T, g4205a",pAEGM,TGAAGCACGTAAACTATC,22.69,385626,0.36794794116664836,3400000000,1251022999.9666045,1048045,0.009474145549980158,321000,3041.200721543631,0.5386341567881987,16.05,0.541446955284667
Kp,"G238S, E104K, A42G, M182T, g4205a",pAEGM,TTGGTTGCACCAGACATT,22.69,231116,0.2205210654122676,3400000000,749771622.4017098,1048045,0.00783295498226706,321000,2514.3785493077266,0.5252290941812598,16.05,0.541446955284667
Kp,"G238S, E104K, A42G, M182T, g4205a",pAEGM,CTGTTTTTGAACTTGAAG,32.08,82409,0.06501829623329551,4440000000,288681235.27583206,1267474,0.007479643123939935,321000,2400.965442784719,0.4873836434138785,16.05,0.541446955284667
Kp,"G238S, E104K, A42G, M182T, g4205a",pAEGM,TGAAGCACGTAAACTATC,32.08,431141,0.340157667928494,4440000000,1510300045.6025133,1267474,0.009474145549980158,321000,3041.200721543631,0.5464819367966847,16.05,0.541446955284667
Kp,"G238S, E104K, A42G, M182T, g4205a",pAEGM,TTGGTTGCACCAGACATT,32.08,499528,0.3941130153360148,4440000000,1749861788.0919056,1267474,0.00783295498226706,321000,2514.3785493077266,0.5605425703841784,16.05,0.541446955284667
Kp,"G238S, E104K, A42G, M182T, g4205a",pAEGM,CTGTTTTTGAACTTGAAG,45.36,155871,0.2964155381827241,3200000000,948529722.184717,525853,0.007479643123939935,321000,2400.965442784719,0.5369498949817288,16.05,0.541446955284667
Kp,"G238S, E104K, A42G, M182T, g4205a",pAEGM,TGAAGCACGTAAACTATC,45.36,49944,0.09497711337579133,3200000000,303926762.80253226,525853,0.009474145549980158,321000,3041.200721543631,0.4796787344959302,16.05,0.541446955284667
Kp,"G238S, E104K, A42G, M182T, g4205a",pAEGM,TTGGTTGCACCAGACATT,45.36,47966,0.09121560588225226,3200000000,291889938.82320726,525853,0.00783295498226706,321000,2514.3785493077266,0.48592110054299686,16.05,0.541446955284667
Kp,"G238S, E104K, A42G, M182T, g4205a",pAEGM,CTGTTTTTGAACTTGAAG,64.14,54303,0.07586400556584716,3680000000,279179540.48231757,715794,0.007479643123939935,321000,2400.965442784719,0.4859891434924025,16.05,0.541446955284667
Kp,"G238S, E104K, A42G, M182T, g4205a",pAEGM,TGAAGCACGTAAACTATC,64.14,144414,0.20175357714649744,3680000000,742453163.8991106,715794,0.009474145549980158,321000,3041.200721543631,0.5168942773798889,16.05,0.541446955284667
Kp,"G238S, E104K, A42G, M182T, g4205a",pAEGM,TTGGTTGCACCAGACATT,64.14,42031,0.05871940809786056,3680000000,216087421.80012685,715794,0.00783295498226706,321000,2514.3785493077266,0.47339219416724376,16.05,0.541446955284667
Kp,"G238S, E104K, A42G, M182T, g4205a",pAEGM,CTGTTTTTGAACTTGAAG,90.69,136738,0.13723189759946045,2640000000,362292209.6625756,996401,0.007479643123939935,321000,2400.965442784719,0.49684731041290475,16.05,0.541446955284667
Kp,"G238S, E104K, A42G, M182T, g4205a",pAEGM,TGAAGCACGTAAACTATC,90.69,82424,0.08272171545391865,2640000000,218385328.79834524,996401,0.009474145549980158,321000,3041.200721543631,0.4659068305473498,16.05,0.541446955284667
Kp,"G238S, E104K, A42G, M182T, g4205a",pAEGM,TTGGTTGCACCAGACATT,90.69,143426,0.14394405465269505,2640000000,380012304.2831149,996401,0.00783295498226706,321000,2514.3785493077266,0.4969138848143122,16.05,0.541446955284667
Kp,"G238S, E104K, A42G, M182T, g4205a",pAEGM,CTGTTTTTGAACTTGAAG,128.24,25087,0.028181275914091312,1810000000,51008109.404505275,890201,0.007479643123939935,321000,2400.965442784719,0.41516120761269426,16.05,0.541446955284667
Kp,"G238S, E104K, A42G, M182T, g4205a",pAEGM,TGAAGCACGTAAACTATC,128.24,474448,0.5329672736831345,1810000000,964670765.3664733,890201,0.009474145549980158,321000,3041.200721543631,0.5278037389455434,16.05,0.541446955284667
Kp,"G238S, E104K, A42G, M182T, g4205a",pAEGM,TTGGTTGCACCAGACATT,128.24,72778,0.08175457003530663,1810000000,147975771.763905,890201,0.00783295498226706,321000,2514.3785493077266,0.4576157566550012,16.05,0.541446955284667
Kp,"G238S, E104K, A42G, M182T, g4205a",pAEGM,CTGTTTTTGAACTTGAAG,181.33,583031,0.9960791080526066,2630000000,2619688054.178355,585326,0.007479643123939935,321000,2400.965442784719,0.5792789533777134,16.05,0.541446955284667
Kp,"G238S, E104K, A42G, M182T, g4205a",pAEGM,TGAAGCACGTAAACTATC,181.33,254,4.3394621117121056e-4,2630000000,1141278.5353802838,585326,0.009474145549980158,321000,3041.200721543631,0.24698550098280583,16.05,0.541446955284667
Kp,"G238S, E104K, A42G, M182T, g4205a",pAEGM,TTGGTTGCACCAGACATT,181.33,66,1.1275767691850354e-4,2630000000,296552.6902956643,585326,0.00783295498226706,321000,2514.3785493077266,0.19875830145401235,16.05,0.541446955284667
