Genotype,Shorthand,Barcode,BarcodeCounts,GenotypeCounts,GenotypeFrequency,BarcodeFrequency,N
WT TEM-1,WT,GATGGCCTTTTGCCGGTT,47,101,2.2352451687720758e-4,1.0401635933889858e-4,3
G238S,G,ACTGCGTTTTAATATTTT,13,60,1.3278684170923223e-4,2.877048237033365e-5,3
E104K,E,TTGGCGCCTTCTCTTCTG,40,82,1.814753503359507e-4,8.852456113948816e-5,3
A42G,A,CAGTGAGTCAGATATCTT,28,77,1.704097801935147e-4,6.19671927976417e-5,3
M182T,M,CCTAGCAGCTCGTAAGAG,33,130,2.877048237033365e-4,7.303276294007772e-5,3
g4205a,p,GTATTAGTTTTACTTTAG,17,47,1.0401635933889858e-4,3.762293848428247e-5,3
"G238S, E104K",EG,TGTATTGGTTAACGTTAC,1726,4352,0.009631472251976312,0.0038198348131689135,3
"G238S, A42G",AG,CAGCTGGTTGGTTCTCTA,1080,2146,0.004749342705133539,0.00239016315076618,3
"G238S, M182T",GM,GATCCGATGATAGTAGTT,67,362,8.011472783123677e-4,1.4827863990864265e-4,3
"G238S, g4205a",pG,ATAAGGTTTGTTTCCCTG,6,19,4.204916654125687e-5,1.3278684170923222e-5,3
"E104K, A42G",AE,ATTAGATTTATTAATATG,8,37,8.188521905402654e-5,1.770491222789763e-5,3
"E104K, M182T",EM,GCTTCCTTTATTTGTTTA,9,71,1.5713109602259146e-4,1.9918026256384834e-5,3
"E104K, g4205a",pE,CGACAACGTATCAAGCTC,25,53,1.172950435098218e-4,5.53278507121801e-5,3
"A42G, M182T",AM,CGTACCCCTTGCTGGTGG,26,77,1.704097801935147e-4,5.75409647406673e-5,3
"A42G, g4205a",pA,CTCATTTTAGACTTCGTT,20,105,2.323769729911564e-4,4.426228056974408e-5,3
"M182T, g4205a",pM,AGGGATCTGGAGTAGGTC,31,87,1.9254092047838673e-4,6.860653488310332e-5,3
"G238S, E104K, A42G",AEG,AGCATGCTCTGCCGAGAA,33015,76864,0.17010879668564044,0.07306595965050504,3
"G238S, E104K, M182T",EGM,CAATATACTCTGTACTAA,12165,47126,0.10429521170648796,0.026922532156546834,3
"G238S, E104K, g4205a",pEG,AACGGTTGGACCGAGCGG,270,668,0.001478360171029452,5.97540787691545e-4,3
"G238S, A42G, M182T",AGM,GGCAGGTGAATCTACCAG,1340,14848,0.032860317094978005,0.002965572798172853,3
"G238S, A42G, g4205a",pAG,AAGTGTTCGCATTGCAAG,2525,7231,0.01600302753999097,0.005588112921930189,3
"G238S, M182T, g4205a",pGM,TTTGTTGCTCTTTCGATG,512,9326,0.020639501429671664,0.0011331143825854483,3
"E104K, A42G, M182T",AEM,GTGCGAAAGCATTACACT,22,80,1.770491222789763e-4,4.868850862671848e-5,3
"E104K, A42G, g4205a",pAE,ATAAATATGTGGTCCCTG,16,59,1.3057372768074502e-4,3.540982445579526e-5,3
"E104K, M182T, g4205a",pEM,AGTCGTGTGGGGGCCTAC,8,75,1.659835521365403e-4,1.770491222789763e-5,3
"A42G, M182T, g4205a",pAM,TTAACACATGGTATTTAC,20,60,1.3278684170923223e-4,4.426228056974408e-5,3
"G238S, E104K, A42G, M182T",AEGM,ACGAACTTTGCTTTCTTT,30767,68749,0.15214937634446676,0.0680908793144658,3
"G238S, E104K, A42G, g4205a",pAEG,TATTTGAGTTATTAGTTC,2296,19199,0.042489576232925826,0.00508130980940662,3
"G238S, E104K, M182T, g4205a",pEGM,ATATTTTACCGTCTTAAA,43593,105445,0.2333618087338332,0.09647627984384267,3
"E104K, A42G, M182T, g4205a",pAEM,GCATCGCTCTCATGGGTA,40,119,2.6336056938997725e-4,8.852456113948816e-5,3
"G238S, A42G, M182T, g4205a",pAGM,TTAGCTTGGTTTCTGTCT,12781,36911,0.08168825190549119,0.02828581039809495,3
"G238S, E104K, A42G, M182T, g4205a",pAEGM,CTGTTTTTGAACTTGAAG,13654,57242,0.1266830732186645,0.03021785894496428,3
WT TEM-1,WT,ATTCGTAAACTTCTGGTT,37,101,2.2352451687720758e-4,8.188521905402654e-5,3
G238S,G,CCAACTGTAAGCCTATTT,18,60,1.3278684170923223e-4,3.983605251276967e-5,3
E104K,E,GGAGCAGTAGAGGTGGTA,25,82,1.814753503359507e-4,5.53278507121801e-5,3
A42G,A,GTAGCCATTTACTTCTGT,27,77,1.704097801935147e-4,5.97540787691545e-5,3
M182T,M,TCCAAAGGGTGGCACGAG,61,130,2.877048237033365e-4,1.3499995573771942e-4,3
g4205a,p,TTGAGTCCCGAGGGTGGT,3,47,1.0401635933889858e-4,6.639342085461611e-6,3
"G238S, E104K",EG,TAACGCGAGTCGTAATCT,1757,4352,0.009631472251976312,0.003888441348052017,3
"G238S, A42G",AG,ATAGTTATTTTGGAACTA,443,2146,0.004749342705133539,9.804095146198314e-4,3
"G238S, M182T",GM,TATCCGTCCTCGGCAGAG,158,362,8.011472783123677e-4,3.496720165009782e-4,3
"G238S, g4205a",pG,AATTTAAGTATAGAGGGG,7,19,4.204916654125687e-5,1.5491798199410425e-5,3
"E104K, A42G",AE,GTTTCCTCTAAAGATTTC,14,37,8.188521905402654e-5,3.098359639882085e-5,3
"E104K, M182T",EM,GCGAGATGATTAGAGAGA,31,71,1.5713109602259146e-4,6.860653488310332e-5,3
"E104K, g4205a",pE,TCCGACCATTAAGGGTTA,16,53,1.172950435098218e-4,3.540982445579526e-5,3
"A42G, M182T",AM,AGAACTTGGTAACGGGGC,21,77,1.704097801935147e-4,4.647539459823128e-5,3
"A42G, g4205a",pA,CATTCATATTAAAGTTTG,70,105,2.323769729911564e-4,1.5491798199410427e-4,3
"M182T, g4205a",pM,AATGTGCGTTAATAGATT,39,87,1.9254092047838673e-4,8.631144711100094e-5,3
"G238S, E104K, A42G",AEG,TCCACGTACATAAATGTT,11372,76864,0.17010879668564044,0.02516753273195648,3
"G238S, E104K, M182T",EGM,CATCTAATTTATTGGGTA,14654,47126,0.10429521170648796,0.03243097297345148,3
"G238S, E104K, g4205a",pEG,CCATTTGATTTTAAGCTC,265,668,0.001478360171029452,5.86475217549109e-4,3
"G238S, A42G, M182T",AGM,TTTAGCCCCATCACTAAC,12438,14848,0.032860317094978005,0.02752671228632384,3
"G238S, A42G, g4205a",pAG,ACAGGAGACGGTATCTTT,2077,7231,0.01600302753999097,0.004596637837167922,3
"G238S, M182T, g4205a",pGM,TCCGGTACGATTACAACG,7165,9326,0.020639501429671664,0.015856962014110815,3
"E104K, A42G, M182T",AEM,TTGCATAGTTTCATAATA,29,80,1.770491222789763e-4,6.418030682612892e-5,3
"E104K, A42G, g4205a",pAE,CACCATCCTACAACTAAA,33,59,1.3057372768074502e-4,7.303276294007772e-5,3
"E104K, M182T, g4205a",pEM,GCGTCCTCGAGTCTTTAC,45,75,1.659835521365403e-4,9.959013128192417e-5,3
"A42G, M182T, g4205a",pAM,TTGTTTATTTACCGGACT,26,60,1.3278684170923223e-4,5.75409647406673e-5,3
"G238S, E104K, A42G, M182T",AEGM,GAAAACATACGGCGTGGT,23151,68749,0.15214937634446676,0.05123580287350726,3
"G238S, E104K, A42G, g4205a",pAEG,ACGTAAAGTAAGACTTCA,9187,19199,0.042489576232925826,0.020331878579711943,3
"G238S, E104K, M182T, g4205a",pEGM,GCCGCGGCGTGTGTGGTT,18767,105445,0.2333618087338332,0.041533510972619356,3
"E104K, A42G, M182T, g4205a",pAEM,CATAGTCACCGGCTAGAT,59,119,2.6336056938997725e-4,1.3057372768074502e-4,3
"G238S, A42G, M182T, g4205a",pAGM,GATAGGGTATATTGGCAC,8182,36911,0.08168825190549119,0.0181076989810823,3
"G238S, E104K, A42G, M182T, g4205a",pAEGM,TGAAGCACGTAAACTATC,21044,57242,0.1266830732186645,0.04657277161548472,3
WT TEM-1,WT,GAGTCGTGCATTGAGTTC,17,101,2.2352451687720758e-4,3.762293848428247e-5,3
G238S,G,CAGGGTCATACGAGCTTC,29,60,1.3278684170923223e-4,6.418030682612892e-5,3
E104K,E,ATAAAGGATGTGACTGTA,17,82,1.814753503359507e-4,3.762293848428247e-5,3
A42G,A,TTCGCATTATATTCCGTC,22,77,1.704097801935147e-4,4.868850862671848e-5,3
M182T,M,TGTGATTTACACACGTCC,36,130,2.877048237033365e-4,7.967210502553934e-5,3
g4205a,p,TACTTTTAAACTATAAGA,27,47,1.0401635933889858e-4,5.97540787691545e-5,3
"G238S, E104K",EG,GAGGGTGTGATTAGCAAT,869,4352,0.009631472251976312,0.00192319609075538,3
"G238S, A42G",AG,ACTACAGTAATAGTGCAT,623,2146,0.004749342705133539,0.001378770039747528,3
"G238S, M182T",GM,TCCCTAGCATGGATTGGC,137,362,8.011472783123677e-4,3.031966219027469e-4,3
"G238S, g4205a",pG,TAGGTTAATTCTCGGTGA,6,19,4.204916654125687e-5,1.3278684170923222e-5,3
"E104K, A42G",AE,TTTTTCCTCCGCTCTGGT,15,37,8.188521905402654e-5,3.319671042730806e-5,3
"E104K, M182T",EM,GTGTGAGACGCAGTTTAG,31,71,1.5713109602259146e-4,6.860653488310332e-5,3
"E104K, g4205a",pE,GCTGGTCCGATCAGATAT,12,53,1.172950435098218e-4,2.6557368341846445e-5,3
"A42G, M182T",AM,TTGGGACCTCTTTGGGTA,30,77,1.704097801935147e-4,6.639342085461612e-5,3
"A42G, g4205a",pA,CAGGTTTTAGCATATGCC,15,105,2.323769729911564e-4,3.319671042730806e-5,3
"M182T, g4205a",pM,TATCATAGTGAGTTCCAT,17,87,1.9254092047838673e-4,3.762293848428247e-5,3
"G238S, E104K, A42G",AEG,ACTGCTTAGCAGTTTGTC,32477,76864,0.17010879668564044,0.07187530430317891,3
"G238S, E104K, M182T",EGM,TAGTGCTTGTTCAGGGGT,20307,47126,0.10429521170648796,0.044941706576489646,3
"G238S, E104K, g4205a",pEG,TTGCGGAAGTGGTCGTGG,133,668,0.001478360171029452,2.943441657887981e-4,3
"G238S, A42G, M182T",AGM,TTTGTGTAGGTACTATCC,1070,14848,0.032860317094978005,0.002368032010481308,3
"G238S, A42G, g4205a",pAG,TTGAAATGCTTTCGGTTA,2629,7231,0.01600302753999097,0.005818276780892859,3
"G238S, M182T, g4205a",pGM,AACCTAATTCTTAACGGA,1649,9326,0.020639501429671664,0.003649425032975399,3
"E104K, A42G, M182T",AEM,GCAGTATGCGGAAAAGCT,29,80,1.770491222789763e-4,6.418030682612892e-5,3
"E104K, A42G, g4205a",pAE,AATCATTCAAATCGAAGA,10,59,1.3057372768074502e-4,2.213114028487204e-5,3
"E104K, M182T, g4205a",pEM,TTTGGACCACTTTTCTGT,22,75,1.659835521365403e-4,4.868850862671848e-5,3
"A42G, M182T, g4205a",pAM,AAAGTTTGAGGAATAACG,14,60,1.3278684170923223e-4,3.098359639882085e-5,3
"G238S, E104K, A42G, M182T",AEGM,AGTCATGGCATTATGAAA,14831,68749,0.15214937634446676,0.03282269415649372,3
"G238S, E104K, A42G, g4205a",pAEG,AGTGCAGGTTTAAATACT,7716,19199,0.042489576232925826,0.017076387843807266,3
"G238S, E104K, M182T, g4205a",pEGM,GTAGTAGGTGTCTCAGAC,43085,105445,0.2333618087338332,0.09535201791737118,3
"E104K, A42G, M182T, g4205a",pAEM,GAGAGGCTAAGGTGAAAC,20,119,2.6336056938997725e-4,4.426228056974408e-5,3
"G238S, A42G, M182T, g4205a",pAGM,TAGCATCGGGTCAGGGCG,15948,36911,0.08168825190549119,0.03529474252631393,3
"G238S, E104K, A42G, M182T, g4205a",pAEGM,TTGGTTGCACCAGACATT,22544,57242,0.1266830732186645,0.04989244265821552,3
null mutant,null,AACTATCTATATAGACCG,15,44,9.737701725343696e-5,3.319671042730806e-5,3
null mutant,null,CGATACTTAGAGTATTTC,15,44,9.737701725343696e-5,3.319671042730806e-5,3
null mutant,null,TTTGTGAACTCGGTTTCC,14,44,9.737701725343696e-5,3.098359639882085e-5,3
