hosts,g,A,E,M,G,fit.1,Num_of_mutations,pie_filter,xC,yC
Ec,0,0,0,1,0,-0.026800853,1,FALSE,0.95,-0.9
Ec,0,0,0,0,0,0,0,TRUE,,
Ec,0,1,0,1,0,0.034007082,2,FALSE,1.85,-0.9
Ec,1,0,0,0,0,0.133731103,1,FALSE,0.65,-0.9
Ec,0,1,0,0,0,0.146838621,1,FALSE,1.25,-0.9
Ec,1,0,0,1,0,0.273920808,2,FALSE,2.15,-0.9
Ec,1,1,0,0,0,0.427480839,2,FALSE,2.45,-0.9
Ec,1,1,0,1,0,0.484618863,3,TRUE,,
Ec,0,0,1,0,0,1.603892958,1,TRUE,,
Ec,0,0,1,1,0,1.633481253,2,TRUE,,
Ec,1,0,1,1,0,2.398374659,3,TRUE,,
Ec,1,0,1,0,0,2.435847614,2,TRUE,,
Ec,0,1,1,1,0,3.404562306,3,TRUE,,
Ec,0,1,1,0,0,3.8844826,2,TRUE,,
Ec,1,1,1,1,0,4.579326035,4,TRUE,,
Ec,1,1,1,0,0,4.881165498,3,TRUE,,
Ec,1,0,0,0,1,6.235927816,2,TRUE,,
Ec,0,0,0,0,1,6.323300319,1,TRUE,,
Ec,0,0,0,1,1,9.056537446,2,TRUE,,
Ec,0,1,0,0,1,10.43490979,2,TRUE,,
Ec,1,0,0,1,1,10.59236699,3,FALSE,3.05,8.8
Ec,0,1,0,1,1,10.86203714,3,FALSE,3.24,10.1
Ec,1,0,1,0,1,11.5545842,3,FALSE,2.94,12.8
Ec,1,1,0,0,1,11.62495418,3,FALSE,3.05,14
Ec,0,0,1,0,1,11.80089446,2,TRUE,,
Ec,1,1,0,1,1,12.41475994,4,TRUE,,
Ec,0,1,1,0,1,16.25008222,3,FALSE,2.7,16.6
Ec,0,0,1,1,1,16.41675302,3,FALSE,2.9,17.5
Ec,1,1,1,0,1,17.23822233,4,TRUE,,
Ec,0,1,1,1,1,18.2013084,4,TRUE,,
Ec,1,0,1,1,1,21.22546413,4,TRUE,,
Ec,1,1,1,1,1,26.19176092,5,TRUE,,
Kp,0,0,0,1,0,-0.02888698,1,FALSE,0.95,-0.9
Kp,0,0,0,0,0,0,0,TRUE,,
Kp,0,1,0,1,0,0.164523964,2,FALSE,1.85,-0.9
Kp,0,1,0,0,0,0.248245599,1,FALSE,1.25,-0.9
Kp,1,0,0,1,0,0.336259366,2,FALSE,2.15,-0.9
Kp,1,0,0,0,0,0.356721739,1,FALSE,0.65,-0.9
Kp,1,1,0,1,0,0.433276336,3,TRUE,,
Kp,1,1,0,0,0,0.701396765,2,FALSE,2.45,-0.9
Kp,0,0,1,1,0,1.995465985,2,TRUE,,
Kp,0,0,1,0,0,2.017601956,1,TRUE,,
Kp,1,0,1,1,0,2.989716904,3,TRUE,,
Kp,1,0,1,0,0,3.042005673,2,TRUE,,
Kp,0,1,1,1,0,4.02535797,3,TRUE,,
Kp,0,1,1,0,0,5.089049964,2,TRUE,,
Kp,1,1,1,1,0,5.494817468,4,TRUE,,
Kp,1,1,1,0,0,5.63801811,3,TRUE,,
Kp,1,0,0,0,1,6.61004056,2,TRUE,,
Kp,0,0,0,0,1,6.794842927,1,TRUE,,
Kp,0,0,0,1,1,9.930655059,2,TRUE,,
Kp,0,1,0,0,1,11.36808384,2,TRUE,,
Kp,1,0,0,1,1,11.44786776,3,FALSE,3.05,9.5
Kp,0,1,0,1,1,11.86412451,3,FALSE,3.22,10.9
Kp,0,0,1,0,1,12.39970505,2,TRUE,,
Kp,1,1,0,0,1,12.47005033,3,FALSE,3.05,15.1
Kp,1,0,1,0,1,12.95164671,3,FALSE,2.95,13.9
Kp,1,1,0,1,1,13.20770259,4,TRUE,,
Kp,0,1,1,0,1,16.38261254,3,FALSE,2.7,16.8
Kp,0,0,1,1,1,16.70304845,3,FALSE,2.9,17.7
Kp,0,1,1,1,1,17.40342109,4,FALSE,4.11,16.5
Kp,1,1,1,0,1,17.49167598,4,FALSE,3.93,18.4
Kp,1,0,1,1,1,22.95225153,4,TRUE,,
Kp,1,1,1,1,1,24.51256372,5,TRUE,,
Se,0,0,0,0,0,0,0,TRUE,,
Se,0,0,0,1,0,0.09994171,1,FALSE,0.95,-0.9
Se,0,1,0,1,0,0.248813668,2,FALSE,1.85,-0.9
Se,1,0,0,1,0,0.436906444,2,FALSE,2.15,-0.9
Se,0,1,0,0,0,0.592081893,1,FALSE,1.25,-0.9
Se,1,0,0,0,0,0.64738972,1,FALSE,0.65,-0.9
Se,1,1,0,1,0,0.910840086,3,TRUE,,
Se,1,1,0,0,0,1.524611795,2,TRUE,,
Se,0,0,1,1,0,3.425821003,2,TRUE,,
Se,0,0,1,0,0,3.549140718,1,TRUE,,
Se,1,0,1,1,0,4.890373814,3,TRUE,,
Se,1,0,1,0,0,4.896549996,2,TRUE,,
Se,0,1,1,1,0,6.00004415,3,TRUE,,
Se,0,1,1,0,0,6.344857942,2,TRUE,,
Se,1,1,1,1,0,7.353751116,4,TRUE,,
Se,1,1,1,0,0,7.728769344,3,TRUE,,
Se,1,0,0,0,1,8.346143147,2,TRUE,,
Se,0,0,0,0,1,8.563812561,1,TRUE,,
Se,0,0,0,1,1,12.76190182,2,TRUE,,
Se,1,0,1,0,1,14.07091965,3,FALSE,3.05,12
Se,1,0,0,1,1,14.10956958,3,FALSE,3.25,13.4
Se,0,1,0,0,1,14.28042969,2,FALSE,1.7,14.5
Se,0,0,1,0,1,14.49883969,2,FALSE,1.9,15.5
Se,0,1,0,1,1,15.008973,3,FALSE,2.97,16.3
Se,1,1,0,0,1,15.04915063,3,FALSE,3.2,17.5
Se,1,1,0,1,1,16.12566152,4,TRUE,,
Se,0,1,1,0,1,19.34546227,3,FALSE,2.7,19.6
Se,0,0,1,1,1,19.50442788,3,FALSE,2.9,20.6
Se,1,1,1,0,1,19.63339665,4,TRUE,,
Se,0,1,1,1,1,20.66503312,4,TRUE,,
Se,1,0,1,1,1,21.44678819,4,TRUE,,
Se,1,1,1,1,1,28.39263649,5,TRUE,,