hosts,g,A,E,M,G,fit.1,MIC_se,Num_of_mutations
Ec,0,0,0,0,0,-6.170869700283092,0.020407637373437648,0
Ec,1,0,0,0,0,-6.037138543723756,0.06563788157915873,1
Ec,0,1,0,0,0,-6.024030830354807,0.0013478587131938724,1
Ec,1,1,0,0,0,-5.743387731032511,0.06577816585246055,2
Ec,0,0,1,0,0,-4.566971073151782,0.07180357269648006,1
Ec,1,0,1,0,0,-3.7350159481765712,0.02499143352253519,2
Ec,0,1,1,0,0,-2.2863879293216014,0.08907621646055142,2
Ec,1,1,1,0,0,-1.2897066539699618,0.06681195808464935,3
Ec,0,0,0,1,0,-6.197670417860414,0.022397729100078756,1
Ec,1,0,0,1,0,-5.8969478498516885,0.018866200337422256,2
Ec,0,1,0,1,0,-6.136862401267459,0.019465696120774197,2
Ec,1,1,0,1,0,-5.686249123714591,0.04740765605170693,3
Ec,0,0,1,1,0,-4.537382628078886,0.013852323879003592,2
Ec,1,0,1,1,0,-3.7724903922635598,0.0367114297370994,3
Ec,0,1,1,1,0,-2.7663067954192098,0.0317052242994591,3
Ec,1,1,1,1,0,-1.5915457906666504,0.11896995627816687,4
Ec,0,0,0,0,1,0.15242855817144127,0.15906196928488245,1
Ec,1,0,0,0,1,0.06505393108132436,0.07114916412925593,2
Ec,0,1,0,0,1,4.2640365881459195,0.12464821491276366,2
Ec,1,1,0,0,1,5.454081329529115,0.06935056674823858,3
Ec,0,0,1,0,1,5.630021782700371,0.004672726089200552,2
Ec,1,0,1,0,1,5.3837072374703405,0.09933150231814201,3
Ec,0,1,1,0,1,10.079209377148636,0.06585536680250748,3
Ec,1,1,1,0,1,11.067343646233262,0.06797686776857059,4
Ec,0,0,0,1,1,2.8856664891754584,0.017996425552685658,2
Ec,1,0,0,1,1,4.421493790365729,0.13229420891536225,3
Ec,0,1,0,1,1,4.691164270464581,0.16759894556601382,3
Ec,1,1,0,1,1,6.243887354745244,0.029562645185234878,4
Ec,0,0,1,1,1,10.245879706337906,0.05509632284836651,3
Ec,1,0,1,1,1,15.05459279019258,0.2822313063488648,4
Ec,0,1,1,1,1,12.030435547334395,0.07276786686967805,4
Ec,1,1,1,1,1,19.716525490587717,1.7867006719081964,5
Kp,0,0,0,0,0,-9.406202378392248,0.06803237302349086,0
Kp,1,0,0,0,0,-9.049479864434069,0.07162590002762848,1
Kp,0,1,0,0,0,-9.157955887735147,0.014493160881073662,1
Kp,1,1,0,0,0,-8.704805145042634,0.0026188814192638077,2
Kp,0,0,1,0,0,-7.38859951041438,0.12459326855569629,1
Kp,1,0,1,0,0,-6.3641963365061285,0.01243135097065373,2
Kp,0,1,1,0,0,-4.317151387096768,0.20138811052590988,2
Kp,1,1,1,0,0,-3.7681837257768698,0.053911621467033655,3
Kp,0,0,0,1,0,-9.435088355497927,0.11293708839810178,1
Kp,1,0,0,1,0,-9.069943163487178,0.023376025178278855,2
Kp,0,1,0,1,0,-9.241677555806652,0.15353553632023775,2
Kp,1,1,0,1,0,-8.972925448912354,0.08471816365150886,3
Kp,0,0,1,1,0,-7.41073588783545,0.09356233067682494,2
Kp,1,0,1,1,0,-6.416489789216504,0.09931667291078793,3
Kp,0,1,1,1,0,-5.380853863853979,0.07761874453971317,3
Kp,1,1,1,1,0,-3.911384981162728,0.03414334467904134,4
Kp,0,0,0,0,1,-2.6113588859235137,0.02904340859584442,1
Kp,1,0,0,0,1,-2.7961617163633536,0.013885872288759147,2
Kp,0,1,0,0,1,1.961881898072354,0.28191191063003646,2
Kp,1,1,0,0,1,3.063848528593845,0.055113891977104146,3
Kp,0,0,1,0,1,2.9935031971290966,0.10725816826681987,2
Kp,1,0,1,0,1,3.545444886835081,0.017201788241557825,3
Kp,0,1,1,0,1,6.97641063491626,0.04957191199002952,3
Kp,1,1,1,0,1,8.085474009927635,0.14747223016491917,4
Kp,0,0,0,1,1,0.5244532158895012,0.07594315582109656,2
Kp,1,0,0,1,1,2.0416659037800953,0.02490904010386319,3
Kp,0,1,0,1,1,2.457922689649338,0.02669978531061545,3
Kp,1,1,0,1,1,3.801500726403522,0.3277841302733621,4
Kp,0,0,1,1,1,7.296777062369854,0.10352461757706388,3
Kp,1,0,1,1,1,13.546050305007016,0.46093940381836157,4
Kp,0,1,1,1,1,7.996477652538111,0.012238837459616734,4
Kp,1,1,1,1,1,15.096354211995264,0.45519158537890364,5
Se,0,0,0,0,0,-6.834637093606974,0.004458537697188625,0
Se,1,0,0,0,0,-6.187249386691808,0.02344104969095273,1
Se,0,1,0,0,0,-6.2425563820370655,0.07349436894497696,1
Se,1,1,0,0,0,-5.310027279713399,0.030750615087750344,2
Se,0,0,1,0,0,-3.285497682348815,0.16205984382283645,1
Se,1,0,1,0,0,-1.9380878978000098,0.07405842952585573,2
Se,0,1,1,0,0,-0.48978008701040604,0.11467956278192964,2
Se,1,1,1,0,0,0.8941355324853653,0.1852814829884817,3
Se,0,0,0,1,0,-6.7346765179173635,0.09441171499420253,1
Se,1,0,0,1,0,-6.397745050326603,0.030895440605012144,2
Se,0,1,0,1,0,-6.585823441623042,0.06514030246067957,2
Se,1,1,0,1,0,-5.923798822226379,0.14411692626403738,3
Se,0,0,1,1,0,-3.4088158430188775,0.4883730934404942,2
Se,1,0,1,1,0,-1.944264718374697,0.0341327046552814,3
Se,0,1,1,1,0,-0.8345957205380558,0.018443622447900095,3
Se,1,1,1,1,0,0.5191164754572621,0.17232832072361015,4
Se,0,0,0,0,1,1.7291844457864687,0.07952992427136585,1
Se,1,0,0,0,1,1.4981055509303833,0.08892448574107459,2
Se,0,1,0,0,1,7.445778436336451,0.14723516862081354,2
Se,1,1,0,0,1,8.101868746466335,0.05237978021553146,3
Se,0,0,1,0,1,7.6641862643217245,0.02642226430359207,2
Se,1,0,1,0,1,7.236270605374821,0.038555596707352535,3
Se,0,1,1,0,1,12.510819878298197,0.04539619316163534,3
Se,1,1,1,0,1,12.99889556070231,0.26299018321525836,4
Se,0,0,0,1,1,5.9272509801311095,0.2101341552246505,2
Se,1,0,0,1,1,7.274919992611222,0.12506665063131847,3
Se,0,1,0,1,1,8.174321178296157,9.299473176680451e-4,3
Se,1,1,0,1,1,9.291012433593313,0.16328726659076764,4
Se,0,0,1,1,1,12.669801285024171,0.010914805681836448,3
Se,1,0,1,1,1,14.608865551682396,0.16439851557141602,4
Se,0,1,1,1,1,13.830413178844427,0.35912163593064417,4
Se,1,1,1,1,1,21.558732901694583,1.5516032210219866,5
