Cluster.ID,Base,position_1,position_2,position_3,position_4,position_5,position_6,position_7,position_8,position_9,position_10,position_11,position_12,position_13,position_14,position_15,position_16,position_17,position_18
1,A,23,0,0,0,0,23,0,0,0,0,0,0,0,23,23,0,0,0
1,C,0,0,23,0,0,0,23,0,23,0,23,0,23,0,0,23,0,0
1,G,0,23,0,23,0,0,0,23,0,23,0,23,0,0,0,0,0,23
1,T,0,0,0,0,23,0,0,0,0,0,0,0,0,0,0,0,23,0
2,A,14,0,1,0,0,14,0,0,0,0,0,0,0,14,14,0,0,0
2,C,0,0,13,0,0,0,14,0,14,0,14,0,14,0,0,14,0,0
2,G,0,0,0,14,0,0,0,14,0,14,0,14,0,0,0,0,0,14
2,T,0,14,0,0,14,0,0,0,0,0,0,0,0,0,0,0,14,0
3,A,0,5,0,0,0,5,0,0,0,0,0,0,0,5,5,0,0,0
3,C,0,0,5,0,0,0,5,0,5,0,5,0,5,0,0,5,0,0
3,G,0,0,0,5,0,0,0,5,0,5,0,5,0,0,0,0,0,5
3,T,5,0,0,0,5,0,0,0,0,0,0,0,0,0,0,0,5,0
4,A,9,8217,8218,6,6,8221,8220,7,8223,8222,4,9,12,8222,8220,8218,7,8219
4,C,1,1,0,8210,2,1,1,1,0,0,8220,2,8205,0,0,0,1,0
4,G,8210,2,4,3,0,1,1,0,1,2,1,1,3,1,1,1,0,1
4,T,5,5,3,6,8217,2,3,8217,1,1,0,8213,5,2,4,6,8217,5
5,A,8348,8349,3,8352,2,2,2,8350,3,8,5,8345,9,2,8,2,5,8349
5,C,0,0,8345,0,2,0,1,0,1,1,1,0,8341,1,4,1,1,1
5,G,4,3,3,1,0,0,0,3,0,8340,1,5,2,8344,0,8345,8344,2
5,T,1,1,2,0,8349,8351,8350,0,8349,4,8346,3,1,6,8341,5,3,1
6,A,4,5,6,1,9,3,5,10,8928,0,8927,0,11,8928,5,5,4,1
6,C,0,0,8921,1,8910,3,3,8916,0,2,5,1,8914,1,2,1,8926,3
6,G,0,1,4,0,1,8922,8913,3,4,8927,1,8924,2,1,0,8921,2,0
6,T,8929,8927,2,8931,13,5,12,4,1,4,0,8,6,3,8926,6,1,8929
7,A,7,6,9821,9821,1,6,9,2,3,9826,10,4,6,4,9816,5,5,6
7,C,4,1,0,0,2,1,9808,0,5,0,9816,2,1,2,2,9817,1,2
7,G,0,9812,2,1,9820,1,2,2,0,1,1,3,0,0,7,1,9812,0
7,T,9816,8,4,5,4,9819,8,9823,9819,0,0,9818,9820,9821,2,4,9,9819
8,A,6,3,3,10028,10021,5,10021,14,1,10,4,10020,10022,10018,10023,4,10021,4
8,C,2,0,0,0,1,0,1,10011,0,3,1,0,0,0,0,4,0,0
8,G,1,0,0,0,2,10020,2,0,10021,10008,1,5,2,3,3,1,5,1
8,T,10019,10025,10025,0,4,3,4,3,6,7,10022,3,4,7,2,10019,2,10023
9,A,10519,1,5,10520,3,6,5,10516,10522,10515,1,10,3,7,12,10518,10,5
9,C,0,1,1,0,0,3,3,0,0,2,10523,10510,4,1,10506,0,10512,3
9,G,2,10510,0,2,2,0,0,3,1,2,0,3,2,10511,4,3,1,0
9,T,4,13,10519,3,10520,10516,10517,6,2,6,1,2,10516,6,3,4,2,10517
10,A,9,10537,17,10536,10539,10536,7,2,5,10,0,10526,10537,2,6,10535,0,3
10,C,2,2,10520,0,0,2,10530,3,2,10528,2,0,0,0,10531,0,3,3
10,G,10526,1,1,4,1,2,2,0,10526,1,0,10,3,10535,0,1,10534,0
10,T,4,1,3,1,1,1,2,10536,8,2,10539,5,1,4,4,5,4,10535
11,A,6,3,11168,3,4,11157,7,11158,4,11167,5,3,11162,1,11166,8,3,5
11,C,0,4,0,1,3,0,11155,0,1,0,1,1,1,1,0,3,6,0
11,G,0,1,0,11158,1,5,5,0,11156,1,11162,4,3,0,1,0,0,11164
11,T,11164,11162,2,8,11162,8,3,12,9,2,2,11162,4,11168,3,11159,11161,1
12,A,11217,11221,11214,2,11214,11214,11215,1,17,11213,11211,11211,2,7,3,11,3,6
12,C,0,0,0,1,1,0,0,2,11197,0,0,0,1,0,2,11202,1,4
12,G,4,0,1,11212,4,2,4,11212,4,5,4,4,11217,0,0,3,11212,1
12,T,0,0,6,6,2,5,2,6,3,3,6,6,1,11214,11216,5,5,11210
13,A,12724,12729,4,2,4,10,4,4,7,4,5,5,12723,12724,4,9,12725,12726
13,C,0,0,2,2,7,12718,0,0,1,6,2,12719,1,1,12724,12723,0,0
13,G,9,1,0,12727,0,3,0,12715,12722,1,12723,8,6,4,1,0,9,6
13,T,1,4,12728,3,12723,3,12730,15,4,12723,4,2,4,5,5,2,0,2
14,A,15,13745,5,13753,6,4,2,6,13750,14,3,6,5,18,2,8,8,13747
14,C,1,0,7,0,0,2,1,5,1,13727,0,3,1,13734,2,3,13742,2
14,G,13737,6,0,1,13743,2,2,0,4,3,13749,1,13739,0,2,1,2,5
14,T,3,5,13744,2,7,13748,13751,13745,1,12,4,13746,11,4,13750,13744,4,2
15,A,13963,9,10,13946,5,7,9,30,9,4,13964,7,6,10,5,6,5,16
15,C,3,13961,13955,21,13961,4,13951,13931,0,1,0,1,2,0,4,2,11,13952
15,G,3,1,2,3,0,13950,1,4,13951,0,5,2,13953,0,0,0,0,4
15,T,3,1,5,2,6,11,11,7,12,13967,3,13962,11,13962,13963,13964,13956,0
16,A,5,7,9,8,14202,14200,1,5,5,14,14200,14191,14204,14203,14191,8,14206,2
16,C,14173,2,0,14186,0,0,4,0,2,14182,0,0,0,0,6,14194,0,1
16,G,1,0,0,1,2,4,14198,0,0,2,4,10,1,3,3,2,1,14195
16,T,28,14198,14198,12,3,3,4,14202,14200,9,3,6,2,1,7,3,0,9
17,A,3,0,3,5,21,14699,4,14700,6,14694,6,11,6,14696,14,9,14701,7
17,C,3,0,14700,0,3,0,1,2,14697,0,14695,14692,5,0,14688,3,1,14697
17,G,14691,0,1,2,14678,5,14694,4,1,5,0,1,2,4,0,0,3,2
17,T,10,14707,3,14700,5,3,8,1,3,8,6,3,14694,7,5,14695,2,1
18,A,14,18416,14,29,13,18410,18413,11,18416,18405,18419,5,9,18416,21,18417,7,7
18,C,2,1,18399,18380,18397,0,1,2,0,0,0,0,8,0,2,1,9,4
18,G,2,1,5,2,2,8,2,0,4,11,0,2,1,3,18392,3,0,18406
18,T,18405,5,5,12,11,5,7,18410,3,7,4,18416,18405,4,8,2,18407,6
19,A,18970,19023,12,12,19024,1,19027,10,19030,12,11,6,12,13,20,15,7,20
19,C,0,4,19015,19012,2,19028,1,19013,1,19015,6,19010,19012,1,19004,0,2,18999
19,G,5,3,4,1,3,2,5,2,3,0,19006,13,0,19006,3,19011,19014,10
19,T,59,4,3,9,5,3,1,9,0,7,11,5,10,14,7,8,11,5
20,A,11,9,7,11,27059,2,27058,27063,14,13,23,27,27059,14,31,27054,14,8
20,C,15,7,6,27004,1,5,0,0,6,7,27034,27005,0,9,3,3,27047,9
20,G,0,1,0,4,3,3,5,6,0,27036,4,19,7,1,27022,6,6,2
20,T,27046,27055,27059,53,9,27062,9,3,27052,16,11,21,6,27048,16,9,5,27053
21,A,0,0,1,1,0,1,0,0,0,0,1,1,1,1,1,0,1,0
21,C,0,0,0,0,0,0,1,0,0,0,0,0,0,0,0,0,0,0
21,G,0,0,0,0,1,0,0,1,1,0,0,0,0,0,0,0,0,0
21,T,1,1,0,0,0,0,0,0,0,1,0,0,0,0,0,1,0,1
22,A,0,1,0,1,1,0,1,0,1,1,0,0,0,0,0,0,1,1
22,C,1,0,0,0,0,0,0,0,0,0,0,0,1,0,1,1,0,0
22,G,0,0,1,0,0,1,0,1,0,0,1,1,0,1,0,0,0,0
22,T,0,0,0,0,0,0,0,0,0,0,0,0,0,0,0,0,0,0
23,A,30605,16,26,39,25,12,40,30625,30619,6,30609,30607,13,30,30607,13,12,30618
23,C,13,30606,30586,30574,30595,12,5,1,0,30609,1,3,0,30584,1,30608,8,2
23,G,5,4,7,4,2,6,30571,3,6,6,10,16,30602,8,8,4,1,6
23,T,8,5,12,14,9,30601,15,2,6,10,11,5,16,9,15,6,30610,5
24,A,2,2,0,0,2,0,2,2,0,0,0,0,2,0,0,2,2,0
24,C,0,0,2,2,0,0,0,0,0,0,0,0,0,2,0,0,0,0
24,G,0,0,0,0,0,2,0,0,2,0,0,0,0,0,2,0,0,0
24,T,0,0,0,0,0,0,0,0,0,2,2,2,0,0,0,0,0,2
25,A,1,1,1,0,1,0,0,0,0,0,1,0,1,0,0,0,0,0
25,C,0,0,0,0,0,0,0,1,0,0,0,1,0,0,0,0,0,0
25,G,0,0,0,0,0,1,1,0,0,0,0,0,0,1,0,0,1,1
25,T,0,0,0,1,0,0,0,0,1,1,0,0,0,0,1,1,0,0
26,A,0,1,0,0,0,0,0,1,1,1,1,0,1,1,0,0,1,0
26,C,0,0,0,0,0,1,1,0,0,0,0,0,0,0,1,0,0,0
26,G,0,0,1,0,0,0,0,0,0,0,0,0,0,0,0,0,0,0
26,T,1,0,0,1,1,0,0,0,0,0,0,1,0,0,0,1,0,1
27,A,0,0,0,0,1,0,0,0,0,0,0,1,1,1,0,0,0,0
27,C,1,0,0,0,0,0,0,1,1,0,0,0,0,0,1,0,0,0
27,G,0,1,0,0,0,0,0,0,0,0,0,0,0,0,0,0,0,0
27,T,0,0,1,1,0,1,1,0,0,1,1,0,0,0,0,1,1,1
28,A,0,1,1,1,0,1,0,0,0,0,1,1,0,0,1,0,0,0
28,C,0,0,0,0,0,0,1,0,1,0,0,0,0,0,0,0,1,0
28,G,1,0,0,0,0,0,0,0,0,0,0,0,1,0,0,0,0,1
28,T,0,0,0,0,1,0,0,1,0,1,0,0,0,1,0,1,0,0
29,A,0,0,2,2,2,0,2,0,0,0,0,2,0,0,2,0,0,0
29,C,0,0,0,0,0,0,0,2,0,2,0,0,0,0,0,2,0,2
29,G,2,0,0,0,0,2,0,0,0,0,2,0,2,2,0,0,2,0
29,T,0,2,0,0,0,0,0,0,2,0,0,0,0,0,0,0,0,0
30,A,0,1,0,0,0,1,0,0,1,0,1,0,0,0,1,0,0,0
30,C,0,0,1,1,1,0,0,0,0,0,0,0,1,0,0,0,0,1
30,G,0,0,0,0,0,0,0,1,0,1,0,1,0,1,0,0,1,0
30,T,1,0,0,0,0,0,1,0,0,0,0,0,0,0,0,1,0,0
31,A,0,0,4,0,0,4,0,0,4,4,0,0,0,0,0,4,0,0
31,C,4,4,0,4,4,0,0,4,0,0,0,0,0,0,0,0,4,0
31,G,0,0,0,0,0,0,4,0,0,0,4,4,4,4,0,0,0,4
31,T,0,0,0,0,0,0,0,0,0,0,0,0,0,0,4,0,0,0
32,A,0,2,2,2,0,0,0,0,2,2,0,2,0,0,2,2,0,0
32,C,2,0,0,0,2,0,0,0,0,0,0,0,0,0,0,0,0,0
32,G,0,0,0,0,0,0,0,0,0,0,0,0,0,2,0,0,0,2
32,T,0,0,0,0,0,2,2,2,0,0,2,0,2,0,0,0,2,0
33,A,1,0,0,1,0,1,0,0,0,0,1,0,0,1,1,1,1,1
33,C,0,1,1,0,0,0,0,1,0,0,0,0,0,0,0,0,0,0
33,G,0,0,0,0,1,0,1,0,1,1,0,1,1,0,0,0,0,0
33,T,0,0,0,0,0,0,0,0,0,0,0,0,0,0,0,0,0,0
34,A,0,0,0,3,4,0,0,4,0,0,0,0,0,4,0,0,0,0
34,C,0,0,4,0,0,0,4,0,0,0,4,0,0,0,4,0,4,0
34,G,0,4,0,0,0,4,0,0,4,0,0,4,0,0,0,4,0,4
34,T,4,0,0,1,0,0,0,0,0,4,0,0,4,0,0,0,0,0
35,A,0,0,0,1,0,0,0,0,0,1,0,0,1,0,0,0,0,0
35,C,0,0,0,0,0,0,0,0,0,0,0,0,0,0,0,0,0,0
35,G,0,0,0,0,1,0,0,1,0,0,1,1,0,0,1,1,0,1
35,T,1,1,1,0,0,1,1,0,1,0,0,0,0,1,0,0,1,0
36,A,3,3,0,3,0,3,0,0,0,0,3,0,0,0,3,0,0,0
36,C,0,0,0,0,0,0,0,3,0,0,0,3,0,3,0,3,0,0
36,G,0,0,3,0,0,0,0,0,0,3,0,0,0,0,0,0,0,3
36,T,0,0,0,0,3,0,3,0,3,0,0,0,3,0,0,0,3,0
37,A,0,1,1,1,0,1,1,1,0,1,1,1,0,0,1,1,0,0
37,C,0,0,0,0,1,0,0,0,0,0,0,0,0,0,0,0,0,1
37,G,0,0,0,0,0,0,0,0,0,0,0,0,1,1,0,0,1,0
37,T,1,0,0,0,0,0,0,0,1,0,0,0,0,0,0,0,0,0
38,A,0,2,0,2,0,2,2,0,0,2,2,0,0,2,0,0,0,0
38,C,0,0,0,0,0,0,0,2,2,0,0,2,2,0,0,2,0,0
38,G,0,0,2,0,2,0,0,0,0,0,0,0,0,0,2,0,0,2
38,T,2,0,0,0,0,0,0,0,0,0,0,0,0,0,0,0,2,0
39,A,1,1,0,0,1,1,0,0,0,0,1,1,1,1,0,0,1,0
39,C,0,0,1,0,0,0,0,0,1,0,0,0,0,0,0,0,0,0
39,G,0,0,0,1,0,0,1,0,0,0,0,0,0,0,0,1,0,1
39,T,0,0,0,0,0,0,0,1,0,1,0,0,0,0,1,0,0,0
40,A,0,0,4,4,2,0,0,0,0,0,0,0,0,4,0,0,0,0
40,C,0,4,0,0,0,0,0,2,0,0,4,0,0,0,4,0,4,0
40,G,4,0,0,0,2,2,0,0,4,0,0,4,0,0,0,4,0,4
40,T,0,0,0,0,0,2,4,2,0,4,0,0,4,0,0,0,0,0
41,A,0,1,0,0,0,1,1,0,1,0,1,1,0,0,0,0,1,1
41,C,0,0,1,0,0,0,0,0,0,0,0,0,0,0,1,0,0,0
41,G,1,0,0,1,1,0,0,0,0,0,0,0,0,1,0,1,0,0
41,T,0,0,0,0,0,0,0,1,0,1,0,0,1,0,0,0,0,0
42,A,0,0,0,0,0,0,0,1,1,0,0,1,0,0,0,0,0,0
42,C,0,1,0,1,0,1,0,0,0,0,1,0,0,1,0,1,0,1
42,G,0,0,0,0,0,0,0,0,0,0,0,0,0,0,0,0,1,0
42,T,1,0,1,0,1,0,1,0,0,1,0,0,1,0,1,0,0,0
43,A,0,0,0,0,0,0,1,0,1,0,1,0,1,0,1,0,0,0
43,C,1,0,0,0,1,0,0,0,0,0,0,0,0,0,0,0,0,0
43,G,0,1,1,0,0,0,0,0,0,0,0,1,0,0,0,1,0,0
43,T,0,0,0,1,0,1,0,1,0,1,0,0,0,1,0,0,1,1
44,A,0,0,0,1,1,0,0,0,1,0,0,0,0,1,0,0,0,1
44,C,0,1,1,0,0,0,1,1,0,0,0,1,0,0,0,0,0,0
44,G,1,0,0,0,0,0,0,0,0,0,1,0,0,0,1,1,1,0
44,T,0,0,0,0,0,1,0,0,0,1,0,0,1,0,0,0,0,0
45,A,0,0,1,1,1,0,0,1,1,1,1,0,0,1,1,0,1,0
45,C,1,0,0,0,0,0,0,0,0,0,0,1,0,0,0,0,0,1
45,G,0,0,0,0,0,1,0,0,0,0,0,0,0,0,0,0,0,0
45,T,0,1,0,0,0,0,1,0,0,0,0,0,1,0,0,1,0,0
46,A,0,0,0,0,0,0,0,0,0,0,0,2,2,0,0,0,0,0
46,C,2,2,0,2,0,2,0,0,0,2,2,0,0,2,2,0,0,0
46,G,0,0,2,0,0,0,2,2,0,0,0,0,0,0,0,2,0,0
46,T,0,0,0,0,2,0,0,0,2,0,0,0,0,0,0,0,2,2
47,A,0,0,0,0,0,0,0,2,0,0,0,0,2,0,0,0,0,2
47,C,2,0,2,2,2,0,0,0,2,2,2,0,0,0,0,2,0,0
47,G,0,2,0,0,0,0,2,0,0,0,0,2,0,0,2,0,0,0
47,T,0,0,0,0,0,2,0,0,0,0,0,0,0,2,0,0,2,0
48,A,0,0,0,0,0,0,1,0,2,0,0,2,0,0,0,2,0,2
48,C,2,0,2,0,0,2,1,0,0,0,0,0,2,0,0,0,0,0
48,G,0,0,0,0,2,0,0,2,0,2,2,0,0,2,2,0,0,0
48,T,0,2,0,2,0,0,0,0,0,0,0,0,0,0,0,0,2,0
49,A,0,0,0,0,0,0,0,0,1,0,0,1,1,0,0,0,0,0
49,C,0,1,1,1,1,0,0,0,0,1,1,0,0,0,0,0,1,0
49,G,1,0,0,0,0,1,0,0,0,0,0,0,0,1,0,0,0,0
49,T,0,0,0,0,0,0,1,1,0,0,0,0,0,0,1,1,0,1
50,A,4,0,4,4,4,0,0,0,0,0,4,4,0,0,4,0,0,4
50,C,0,4,0,0,0,4,0,0,4,0,0,0,0,4,0,4,0,0
50,G,0,0,0,0,0,0,0,4,0,0,0,0,4,0,0,0,0,0
50,T,0,0,0,0,0,0,4,0,0,4,0,0,0,0,0,0,4,0
51,A,0,1,1,0,0,0,1,1,1,0,0,1,0,0,0,0,1,1
51,C,0,0,0,1,1,0,0,0,0,0,1,0,0,0,0,1,0,0
51,G,0,0,0,0,0,1,0,0,0,1,0,0,0,0,0,0,0,0
51,T,1,0,0,0,0,0,0,0,0,0,0,0,1,1,1,0,0,0
52,A,0,2,0,2,0,0,2,2,0,2,2,2,0,0,0,2,2,0
52,C,2,0,0,0,0,0,0,0,0,0,0,0,0,2,0,0,0,0
52,G,0,0,0,0,0,0,0,0,0,0,0,0,0,0,0,0,0,0
52,T,0,0,2,0,2,2,0,0,2,0,0,0,2,0,2,0,0,2
53,A,0,2,0,2,0,0,0,2,0,2,0,0,0,0,0,0,2,0
53,C,0,0,2,0,0,0,2,0,2,0,0,2,2,0,0,0,0,0
53,G,0,0,0,0,2,0,0,0,0,0,0,0,0,0,0,0,0,0
53,T,2,0,0,0,0,2,0,0,0,0,2,0,0,2,2,2,0,2
54,A,15,0,15,0,15,0,15,15,15,0,0,15,15,0,0,0,15,15
54,C,0,0,0,15,0,0,0,0,0,15,15,0,0,0,15,0,0,0
54,G,0,15,0,0,0,15,0,0,0,0,0,0,0,15,0,0,0,0
54,T,0,0,0,0,0,0,0,0,0,0,0,0,0,0,0,15,0,0
55,A,3,0,3,0,0,3,0,0,3,0,0,0,0,0,0,0,0,3
55,C,0,0,0,0,0,0,3,0,0,3,0,3,0,3,0,0,0,0
55,G,0,3,0,0,0,0,0,3,0,0,0,0,3,0,3,0,0,0
55,T,0,0,0,3,3,0,0,0,0,0,3,0,0,0,0,3,3,0
56,A,0,0,0,0,0,1,0,0,1,0,0,0,0,0,0,1,0,0
56,C,1,0,1,0,0,0,1,0,0,0,1,0,0,1,0,0,0,0
56,G,0,0,0,0,0,0,0,1,0,1,0,0,1,0,0,0,1,1
56,T,0,1,0,1,1,0,0,0,0,0,0,1,0,0,1,0,0,0
57,A,7,0,0,0,7,0,0,7,0,0,7,0,0,0,0,7,0,0
57,C,0,0,0,7,0,7,0,0,0,0,0,7,0,0,0,0,0,0
57,G,0,0,7,0,0,0,0,0,0,0,0,0,0,7,0,0,7,0
57,T,0,7,0,0,0,0,7,0,7,7,0,0,7,0,7,0,0,7
58,A,0,0,0,0,0,3,3,0,3,0,3,0,0,0,0,3,0,0
58,C,0,0,0,3,3,0,0,0,0,0,0,3,3,3,0,0,0,3
58,G,3,0,3,0,0,0,0,0,0,0,0,0,0,0,0,0,0,0
58,T,0,3,0,0,0,0,0,3,0,3,0,0,0,0,3,0,3,0
59,A,0,0,0,0,5,5,5,0,5,0,0,0,0,5,0,0,0,0
59,C,5,0,0,0,0,0,0,0,0,0,5,0,0,0,5,0,5,0
59,G,0,5,5,0,0,0,0,0,0,0,0,5,0,0,0,5,0,5
59,T,0,0,0,5,0,0,0,5,0,5,0,0,5,0,0,0,0,0
60,A,0,0,7,7,0,0,0,0,7,7,0,0,7,7,0,7,0,7
60,C,0,0,0,0,7,0,0,0,0,0,7,7,0,0,0,0,7,0
60,G,7,0,0,0,0,7,0,0,0,0,0,0,0,0,0,0,0,0
60,T,0,7,0,0,0,0,7,7,0,0,0,0,0,0,7,0,0,0
61,A,0,1,0,0,1,0,0,1,1,1,0,0,1,0,0,0,1,1
61,C,0,0,0,0,0,0,0,0,0,0,1,0,0,0,0,1,0,0
61,G,0,0,0,0,0,0,1,0,0,0,0,0,0,0,1,0,0,0
61,T,1,0,1,1,0,1,0,0,0,0,0,1,0,1,0,0,0,0
62,A,1,0,0,1,0,1,0,1,0,0,0,0,1,0,0,1,0,0
62,C,0,1,1,0,1,0,1,0,1,0,1,1,0,0,0,0,1,0
62,G,0,0,0,0,0,0,0,0,0,1,0,0,0,0,1,0,0,0
62,T,0,0,0,0,0,0,0,0,0,0,0,0,0,1,0,0,0,1
63,A,0,6,6,6,0,0,0,0,0,0,0,0,0,6,0,0,0,0
63,C,6,0,0,0,0,0,0,6,0,0,6,0,0,0,6,0,6,0
63,G,0,0,0,0,6,0,0,0,6,0,0,6,0,0,0,6,0,6
63,T,0,0,0,0,0,6,6,0,0,6,0,0,6,0,0,0,0,0
64,A,0,0,0,1,0,0,0,1,0,0,0,0,0,0,0,1,1,1
64,C,0,0,0,0,0,0,0,0,0,0,0,0,0,1,0,0,0,0
64,G,1,0,0,0,1,0,1,0,0,1,1,1,1,0,0,0,0,0
64,T,0,1,1,0,0,1,0,0,1,0,0,0,0,0,1,0,0,0
65,A,0,0,2,0,2,0,0,2,0,0,0,2,0,2,0,2,2,2
65,C,0,0,0,0,0,0,0,0,2,2,0,0,2,0,2,0,0,0
65,G,2,2,0,0,0,2,0,0,0,0,0,0,0,0,0,0,0,0
65,T,0,0,0,2,0,0,2,0,0,0,2,0,0,0,0,0,0,0
66,A,1,1,1,0,0,1,0,1,0,0,0,0,0,1,0,0,0,0
66,C,0,0,0,0,0,0,0,0,0,0,1,0,0,0,1,0,1,0
66,G,0,0,0,0,0,0,1,0,0,1,0,1,0,0,0,1,0,1
66,T,0,0,0,1,1,0,0,0,1,0,0,0,1,0,0,0,0,0
67,A,4,4,4,0,4,0,4,0,0,0,0,0,0,0,0,0,0,0
67,C,0,0,0,0,0,0,0,4,4,0,0,4,0,4,4,0,0,0
67,G,0,0,0,4,0,0,0,0,0,4,0,0,0,0,0,0,4,0
67,T,0,0,0,0,0,4,0,0,0,0,4,0,4,0,0,4,0,4
68,A,0,4,0,0,0,0,4,0,0,0,0,0,0,4,0,0,0,0
68,C,0,0,0,0,0,0,0,4,0,0,4,0,0,0,4,0,4,0
68,G,0,0,4,0,0,0,0,0,4,0,0,4,0,0,0,4,0,4
68,T,4,0,0,4,4,4,0,0,0,4,0,0,4,0,0,0,0,0
69,A,0,0,0,0,22,0,0,22,0,0,0,0,0,22,0,0,0,0
69,C,0,0,22,22,0,0,0,0,22,0,22,0,0,0,22,0,22,0
69,G,0,22,0,0,0,0,22,0,0,0,0,22,0,0,0,22,0,22
69,T,22,0,0,0,0,22,0,0,0,22,0,0,22,0,0,0,0,0
70,A,3,0,0,0,0,0,3,3,0,0,3,0,3,0,0,0,0,0
70,C,0,0,0,0,3,0,0,0,0,3,0,3,0,3,3,3,0,3
70,G,0,0,0,3,0,0,0,0,0,0,0,0,0,0,0,0,0,0
70,T,0,3,3,0,0,3,0,0,3,0,0,0,0,0,0,0,3,0
