Species,Shorthand,fit.1,fit.2,outlier,fit_average,fit.log,g,A,E,G,M
Ec,A,0.12390537307473175,0.12402118755429889,0.12621285247789002,0.12396326678934644,-6.024030830354807,0,1,0,0,0
Ec,AE,0.43899241779879145,0.46695134674920985,0.37473593059216603,0.4527561161418335,-2.2863879293216014,0,1,1,0,0
Ec,AEG,33.649948039163235,32.14844395921544,58.76475683720298,32.89062888981528,10.079209377148636,0,1,1,1,0
Ec,AEGM,63.067893416318846,66.3305556893359,107.14589067988982,64.67865502977193,12.030435547334395,0,1,1,1,1
Ec,AEM,0.38761578125266194,0.3791903067407932,0.4628822480000994,0.38337989904371494,-2.7663067954192098,0,1,1,0,1
Ec,AG,4.57680999954554,4.197976779566694,5.1317415627043745,4.383302647842244,4.2640365881459195,0,1,0,1,0
Ec,AGM,5.386624907638674,4.795837122696339,6.213743858867061,5.082654394909642,4.691164270464581,0,1,0,1,1
Ec,AM,0.12001624873165284,0.11840779392217811,0.12244197738808535,0.1192093085590652,-6.136862401267459,0,1,0,0,1
Ec,E,0.21057648566199638,0.20035253612421614,0.22352732688860352,0.2054009078619313,-4.566971073151782,0,0,1,0,0
Ec,EG,7.048651387992118,7.025858534910663,9.262663974945609,7.037245733519209,5.630021782700371,0,0,1,1,0
Ec,EGM,34.187373670558024,35.5182356836896,31.00210804466594,34.846451690771104,10.245879706337906,0,0,1,1,1
Ec,EM,0.20652416791778438,0.2085167014097223,0.1816813615458532,0.2075180432049319,-4.537382628078886,0,0,1,0,1
Ec,G,0.9977036754909556,1.1139969353162997,1.1250387892786857,1.054247995896,0.15242855817144127,0,0,0,1,0
Ec,GM,2.701639226433221,2.7355510087925956,2.6882455444855338,2.718542240110138,2.8856664891754584,0,0,0,1,1
Ec,M,0.11763291106189061,0.11582077225631804,0.11446877446492168,0.11672332501238536,-6.197670417860414,0,0,0,0,1
Ec,p,0.12624075719558345,0.12062591469437249,0.10153935353712494,0.12340140521253166,-6.037138543723756,1,0,0,0,0
Ec,pA,0.13354677587625619,0.13977664388346275,0.14009421514698034,0.13662620588100977,-5.743387731032511,1,1,0,0,0
Ec,pAE,0.624918820012836,0.654539721727031,0.5833386715286356,0.639557808609344,-1.2897066539699618,1,1,1,0,0
Ec,pAEG,47.42777414176288,45.24490355656969,53.163279766758976,46.32348288877721,11.067343646233262,1,1,1,1,0
Ec,pAEGM,499.69792232695545,1724.0824824686017,205.93856985358622,928.1812508394362,19.716525490587717,1,1,1,1,1
Ec,pAEM,0.5527665139820866,0.6002819041336829,0.6714676935895911,0.5760344916361388,-1.5915457906666504,1,1,1,0,1
Ec,pAG,6.78202427455976,6.463723036004013,7.031272942619117,6.620961148821999,5.454081329529115,1,1,0,1,0
Ec,pAGM,8.616860659929234,8.795252523275389,7.712410324241535,8.705599661249936,6.243887354745244,1,1,0,1,1
Ec,pAM,0.13708775433855094,0.14166735605493846,0.13003103306643035,0.13935874462928916,-5.686249123714591,1,1,0,0,1
Ec,pE,0.2764303147317404,0.27168302058342086,0.28858370840765385,0.2740463882030649,-3.7350159481765712,1,0,1,0,0
Ec,pEG,6.687742823992658,6.2427767221018025,6.305652845740051,6.461430586567092,5.3837072374703405,1,0,1,1,0
Ec,pEGM,167.2869090155942,203.4333007328243,96.01070975338166,184.47690389431966,15.05459279019258,1,0,1,1,1
Ec,pEM,0.27397392878655513,0.26709022627251144,0.2899195049046433,0.2705101821232797,-3.7724903922635598,1,0,1,0,1
Ec,pG,1.0483362626219614,0.99788978284445,1.0490635164673978,1.022802055852349,0.06505393108132436,1,0,0,1,0
Ec,pGM,4.8463345497802255,4.421695847326689,5.268784538424177,4.62914866401146,4.421493790365729,1,0,0,1,1
Ec,pM,0.13039488428127152,0.12870080432311304,0.12639443051421506,0.12954507511526206,-5.8969478498516885,1,0,0,0,1
Ec,WT,0.11698223242511116,0.1186487633266308,0.11642858728472325,0.1178125511498156,-6.170869700283092,0,0,0,0,0
Kp,A,0.0420505545475456,0.041630233933623695,0.04222952149479281,0.04183986642967357,-9.157955887735147,0,1,0,0,0
Kp,AE,0.2401684190988684,0.20887768104346943,0.14427214476930103,0.2239772810828092,-4.317151387096768,0,1,1,0,0
Kp,AEG,11.416046992362064,11.030447079551596,11.896370069228853,11.221590894651433,6.97641063491626,0,1,1,1,0
Kp,AEGM,16.0484075642491,15.912839702258848,22.857710960068545,15.980479875348378,7.996477652538111,0,1,1,1,1
Kp,AEM,0.15914154774478803,0.15080578692114988,0.15937341211340478,0.1549176114568725,-5.380853863853979,0,1,1,0,1
Kp,AG,2.176329356291451,1.7900315226390597,1.9464626562314078,1.9737523024448815,1.961881898072354,0,1,0,1,0
Kp,AGM,2.322391911093239,2.3657723215029893,2.102836591918699,2.3439817625030313,2.457922689649338,0,1,0,1,1
Kp,AM,0.042864555414401165,0.038537143644847456,0.040978283357772094,0.040643296240306354,-9.241677555806652,0,1,0,0,1
Kp,E,0.07398638450568355,0.08065998116426439,0.07590695754767897,0.07725115132242663,-7.38859951041438,0,0,1,0,0
Kp,EG,2.7190873803577227,2.9289441479033713,3.1465024704696574,2.8220657452186795,2.9935031971290966,0,0,1,1,0
Kp,EGM,12.997397204457734,12.097409340424937,13.439191335936522,12.539331495036725,7.296777062369854,0,0,1,1,1
Kp,EM,0.0791873187000015,0.07421480828687267,0.05971001863481601,0.07666075707995645,-7.41073588783545,0,0,1,0,1
Kp,G,0.4004790982416494,0.40862298455400475,0.5626457078793979,0.4045305481357363,-2.6113588859235137,0,0,0,1,0
Kp,GM,1.1681738783710547,1.2313135496914562,1.3070801507206613,1.199328280677938,0.5244532158895012,0,0,0,1,1
Kp,M,0.03654929220187718,0.039525413517251314,0.03241595884050729,0.038008234476782046,-9.435088355497927,0,0,0,0,1
Kp,p,0.04453467937786487,0.04237764178936797,0.04201045681728067,0.04344277488696491,-9.049479864434069,1,0,0,0,0
Kp,pA,0.04891049876177285,0.04899936517003479,0.05186254179871546,0.04895491180133655,-8.704805145042634,1,1,0,0,0
Kp,pAE,0.2658993814764943,0.2760236803799437,0.3091408287943114,0.27091424083257887,-3.7681837257768698,1,1,1,0,0
Kp,pAEG,15.659876065661246,17.34530278718189,15.978929675987878,16.481058581554677,8.085474009927635,1,1,1,1,0
Kp,pAEGM,219.14970075845477,159.85070683804773,13502.776340100247,187.16632862132457,15.096354211995264,1,1,1,1,1
Kp,pAEM,0.26086570238389023,0.2547644420444443,0.24480201301340185,0.2577970230944567,-3.911384981162728,1,1,1,0,1
Kp,pAG,2.9474783377708484,2.837002296226908,2.7698107961098195,2.891712781784347,3.063848528593845,1,1,0,1,0
Kp,pAGM,3.333085435918491,4.183302799953834,3.3872854258211023,3.7340735981717303,3.801500726403522,1,1,0,1,1
Kp,pAM,0.04332003424735983,0.04594005382865191,0.05767234302250654,0.04461081376956436,-8.972925448912354,1,1,0,0,1
Kp,pE,0.1097038571388353,0.11065323288984621,0.10614771776746679,0.11017752244853736,-6.3641963365061285,1,0,1,0,0
Kp,pEG,3.437413328268894,3.3966711485494474,2.3322503200129296,3.4169815155733994,3.545444886835081,1,0,1,1,0
Kp,pEGM,128.3104492776503,93.21921446558686,183.79374586808316,109.36635355258531,13.546050305007016,1,0,1,1,1
Kp,pEM,0.11198779718389024,0.10453781163988092,0.11812646414366679,0.10819870261687382,-6.416489789216504,1,0,1,0,1
Kp,pG,0.3812639626334905,0.37761191839729835,0.3816578040946265,0.37943354667950513,-2.7961617163633536,1,0,0,1,0
Kp,pGM,2.046682721588447,2.0116487650949684,2.4086495235311185,2.0290901333909757,2.0416659037800953,1,0,0,1,1
Kp,pM,0.04278771378178598,0.04348665137892138,0.04902708753759823,0.043135766975093845,-9.069943163487178,1,0,0,0,1
Kp,WT,0.03930658938212472,0.037496054946989654,0.0401786275133002,0.03839065036243733,-9.406202378392248,0,0,0,0,0
Se,A,0.11788638344267452,0.11203136691472841,0.10068454624074254,0.11492159360936754,-6.2425563820370655,0,1,0,0,0
Se,AE,0.8109979513020902,0.8780954876474923,0.6773826254013969,0.8438801108745994,-0.48978008701040604,0,1,1,0,0
Se,AEG,75.20266287636288,77.60663174871453,67.54000076723092,76.39519202390045,12.510819878298197,0,1,1,1,0
Se,AEGM,136.6903331132117,106.56912927369163,27181.403042335653,120.69370232123069,13.830413178844427,0,1,1,1,1
Se,AEM,0.753627727617179,0.7440545642825976,0.7267248205827919,0.7488258479135748,-0.8345957205380558,0,1,1,0,1
Se,AG,12.547009421901793,13.895123984530036,14.908095643550306,13.203872596794925,7.445778436336451,0,1,0,1,0
Se,AGM,17.00191753793616,16.9909617971292,13.991651487828957,16.99643878478707,8.174321178296157,0,1,0,1,1
Se,AM,0.10436127863657432,0.09975397407957552,0.11242546586153562,0.10203162394093405,-6.585823441623042,0,1,0,0,1
Se,E,0.30275469478273537,0.33874723617507896,0.3208520632771773,0.3202457120660341,-3.285497682348815,0,0,1,0,0
Se,EG,14.112307531108966,14.37314894291536,15.91905963617007,14.242131093093318,7.6641862643217245,0,0,1,1,0
Se,EGM,81.02852902749764,80.41781539006664,84.48182103971737,80.72259466011954,12.669801285024171,0,0,1,1,1
Se,EM,0.25906850305139967,0.3634373572928984,0.28618160247983804,0.3068471477899507,-3.4088158430188775,0,0,1,0,1
Se,G,1.871710339709654,1.7713229384244802,1.619361049193343,1.8208249390905176,1.7291844457864687,0,0,0,1,0
Se,GM,7.252902285896556,8.390126528967317,7.929078119901556,7.800818410968714,5.9272509801311095,0,0,0,1,1
Se,M,0.09378206675596235,0.10012454547706584,0.09969120262515477,0.09690142830650422,-6.7346765179173635,0,0,0,0,1
Se,p,0.11810122477737665,0.1161978098725427,0.12130330771210206,0.11714565148735158,-6.187249386691808,1,0,0,0,0
Se,pA,0.15708431652081728,0.16046845982119007,0.16450579069248075,0.15876737175553374,-5.310027279713399,1,1,0,0,0
Se,pAE,1.2784777251052881,1.4536787761522652,1.3706091026472789,1.3632666411120706,0.8941355324853653,1,1,1,0,0
Se,pAEG,82.59329080787181,99.10891095890852,86.26504734679423,90.47503028173358,12.99889556070231,1,1,1,1,0
Se,pAEGM,3009.2078869452703,1026.533390708255,1162.7078305533562,1757.5700200936376,21.558732901694583,1,1,1,1,1
Se,pAEM,1.1277084077075192,1.2707871422117836,1.4185155916724175,1.1971120852613757,0.5191164754572621,1,1,1,0,1
Se,pAG,16.8786108122271,16.276792022664477,18.249146475818215,16.57497022085158,8.101868746466335,1,1,0,1,0
Se,pAGM,23.651545986676116,26.48584900827067,27.499066874786017,25.028609146640054,9.291012433593313,1,1,0,1,1
Se,pAM,0.12209213107887419,0.1349184030192731,0.15679061483693785,0.12834514149893428,-5.923798822226379,1,1,0,0,1
Se,pE,0.524125884872477,0.497899625830289,0.4749593113550888,0.5108444792360738,-1.9380878978000098,1,0,1,0,0
Se,pEG,12.116133751696823,12.44429936247582,12.7098242622036,12.279120307331164,7.236270605374821,1,0,1,1,0
Se,pEGM,149.31688616385406,167.33924648219588,165.264299047294,158.07142441860628,14.608865551682396,1,0,1,1,1
Se,pEM,0.5037574897205562,0.515817989164387,0.5871388890725432,0.5097520724569511,-1.944264718374697,1,0,1,0,1
Se,pG,1.7332923591559615,1.6296820608784155,1.6448992247085592,1.680688984902947,1.4981055509303833,1,0,0,1,0
Se,pGM,11.916813984191098,12.995978181885892,14.894099122386201,12.444703874987956,7.274919992611222,1,0,0,1,1
Se,pM,0.10774402375131592,0.1100762547880125,0.12998468114843723,0.10890389621283306,-6.397745050326603,1,0,0,0,1
Se,WT,0.09345736582035816,0.09374663535006848,0.10253022901842862,0.09360188883959056,-6.834637093606974,0,0,0,0,0
