Species,Genotype,Shorthand,Barcode,Concentration,Tc_per_barcode,Tc
Se,"G238S, E104K, A42G, M182T, g4205a",pAEGM,CTGTTTTTGAACTTGAAG,0,17.574505966403986,17.574505966403986
Se,"G238S, E104K, A42G, M182T, g4205a",pAEGM,TGAAGCACGTAAACTATC,0,17.800168922919056,17.574505966403986
Se,"G238S, E104K, A42G, M182T, g4205a",pAEGM,TTGGTTGCACCAGACATT,0,16.946531878817787,17.574505966403986
Se,"G238S, E104K, A42G, M182T, g4205a",pAEGM,CTGTTTTTGAACTTGAAG,0.0315,17.287613666568284,17.287613666568284
Se,"G238S, E104K, A42G, M182T, g4205a",pAEGM,TGAAGCACGTAAACTATC,0.0315,17.392322815954017,17.287613666568284
Se,"G238S, E104K, A42G, M182T, g4205a",pAEGM,TTGGTTGCACCAGACATT,0.0315,16.595404601034005,17.287613666568284
Se,"G238S, E104K, A42G, M182T, g4205a",pAEGM,CTGTTTTTGAACTTGAAG,0.0445,16.610594764666352,16.610594764666352
Se,"G238S, E104K, A42G, M182T, g4205a",pAEGM,TGAAGCACGTAAACTATC,0.0445,16.751520469334196,16.610594764666352
Se,"G238S, E104K, A42G, M182T, g4205a",pAEGM,TTGGTTGCACCAGACATT,0.0445,16.032458703446988,16.610594764666352
Se,"G238S, E104K, A42G, M182T, g4205a",pAEGM,CTGTTTTTGAACTTGAAG,0.0629,16.770642713759088,16.770642713759088
Se,"G238S, E104K, A42G, M182T, g4205a",pAEGM,TGAAGCACGTAAACTATC,0.0629,17.13087392777352,16.770642713759088
Se,"G238S, E104K, A42G, M182T, g4205a",pAEGM,TTGGTTGCACCAGACATT,0.0629,16.31667212808001,16.770642713759088
Se,"G238S, E104K, A42G, M182T, g4205a",pAEGM,CTGTTTTTGAACTTGAAG,0.0889,17.47506882073194,17.47506882073194
Se,"G238S, E104K, A42G, M182T, g4205a",pAEGM,TGAAGCACGTAAACTATC,0.0889,17.692059335587018,17.47506882073194
Se,"G238S, E104K, A42G, M182T, g4205a",pAEGM,TTGGTTGCACCAGACATT,0.0889,16.846339896531106,17.47506882073194
Se,"G238S, E104K, A42G, M182T, g4205a",pAEGM,CTGTTTTTGAACTTGAAG,0.1257,17.394361985119545,17.394361985119545
Se,"G238S, E104K, A42G, M182T, g4205a",pAEGM,TGAAGCACGTAAACTATC,0.1257,17.447533627633675,17.394361985119545
Se,"G238S, E104K, A42G, M182T, g4205a",pAEGM,TTGGTTGCACCAGACATT,0.1257,16.697824531223127,17.394361985119545
Se,"G238S, E104K, A42G, M182T, g4205a",pAEGM,CTGTTTTTGAACTTGAAG,0.1777,17.238303361120316,17.238303361120316
Se,"G238S, E104K, A42G, M182T, g4205a",pAEGM,TGAAGCACGTAAACTATC,0.1777,17.29545802553783,17.238303361120316
Se,"G238S, E104K, A42G, M182T, g4205a",pAEGM,TTGGTTGCACCAGACATT,0.1777,16.532161464323057,17.238303361120316
Se,"G238S, E104K, A42G, M182T, g4205a",pAEGM,CTGTTTTTGAACTTGAAG,0.2513,17.874527926340942,17.874527926340942
Se,"G238S, E104K, A42G, M182T, g4205a",pAEGM,TGAAGCACGTAAACTATC,0.2513,18.158634503152463,17.874527926340942
Se,"G238S, E104K, A42G, M182T, g4205a",pAEGM,TTGGTTGCACCAGACATT,0.2513,17.30752640060144,17.874527926340942
Se,"G238S, E104K, A42G, M182T, g4205a",pAEGM,CTGTTTTTGAACTTGAAG,0.3553,17.972202971019836,17.972202971019836
Se,"G238S, E104K, A42G, M182T, g4205a",pAEGM,TGAAGCACGTAAACTATC,0.3553,18.149599462827105,17.972202971019836
Se,"G238S, E104K, A42G, M182T, g4205a",pAEGM,TTGGTTGCACCAGACATT,0.3553,17.33512749356885,17.972202971019836
Se,"G238S, E104K, A42G, M182T, g4205a",pAEGM,CTGTTTTTGAACTTGAAG,0.5024,18.113776408548976,18.113776408548976
Se,"G238S, E104K, A42G, M182T, g4205a",pAEGM,TGAAGCACGTAAACTATC,0.5024,18.507640482649702,18.113776408548976
Se,"G238S, E104K, A42G, M182T, g4205a",pAEGM,TTGGTTGCACCAGACATT,0.5024,17.59353100474764,18.113776408548976
Se,"G238S, E104K, A42G, M182T, g4205a",pAEGM,CTGTTTTTGAACTTGAAG,0.7104,18.406814457334317,18.406814457334317
Se,"G238S, E104K, A42G, M182T, g4205a",pAEGM,TGAAGCACGTAAACTATC,0.7104,18.69240165327623,18.406814457334317
Se,"G238S, E104K, A42G, M182T, g4205a",pAEGM,TTGGTTGCACCAGACATT,0.7104,17.7916042734594,18.406814457334317
Se,"G238S, E104K, A42G, M182T, g4205a",pAEGM,CTGTTTTTGAACTTGAAG,1.0045,19.505549908541244,19.45391569285975
Se,"G238S, E104K, A42G, M182T, g4205a",pAEGM,TGAAGCACGTAAACTATC,1.0045,19.45391569285975,19.45391569285975
Se,"G238S, E104K, A42G, M182T, g4205a",pAEGM,TTGGTTGCACCAGACATT,1.0045,18.662047707972064,19.45391569285975
Se,"G238S, E104K, A42G, M182T, g4205a",pAEGM,CTGTTTTTGAACTTGAAG,1.42,18.686868587367755,18.686868587367755
Se,"G238S, E104K, A42G, M182T, g4205a",pAEGM,TGAAGCACGTAAACTATC,1.42,19.272951230723308,18.686868587367755
Se,"G238S, E104K, A42G, M182T, g4205a",pAEGM,TTGGTTGCACCAGACATT,1.42,18.426616324956154,18.686868587367755
Se,"G238S, E104K, A42G, M182T, g4205a",pAEGM,CTGTTTTTGAACTTGAAG,2.01,18.430694565885307,18.430694565885307
Se,"G238S, E104K, A42G, M182T, g4205a",pAEGM,TGAAGCACGTAAACTATC,2.01,18.863399339982937,18.430694565885307
Se,"G238S, E104K, A42G, M182T, g4205a",pAEGM,TTGGTTGCACCAGACATT,2.01,18.031512216008323,18.430694565885307
Se,"G238S, E104K, A42G, M182T, g4205a",pAEGM,CTGTTTTTGAACTTGAAG,2.84,19.905893344781827,19.905893344781827
Se,"G238S, E104K, A42G, M182T, g4205a",pAEGM,TGAAGCACGTAAACTATC,2.84,20.15200708056179,19.905893344781827
Se,"G238S, E104K, A42G, M182T, g4205a",pAEGM,TTGGTTGCACCAGACATT,2.84,19.305837918065418,19.905893344781827
Se,"G238S, E104K, A42G, M182T, g4205a",pAEGM,CTGTTTTTGAACTTGAAG,4.02,19.503005984974543,19.503005984974543
Se,"G238S, E104K, A42G, M182T, g4205a",pAEGM,TGAAGCACGTAAACTATC,4.02,19.504818563680402,19.503005984974543
Se,"G238S, E104K, A42G, M182T, g4205a",pAEGM,TTGGTTGCACCAGACATT,4.02,18.75830271575108,19.503005984974543
Se,"G238S, E104K, A42G, M182T, g4205a",pAEGM,CTGTTTTTGAACTTGAAG,5.68,20.059315789851393,20.04911313123646
Se,"G238S, E104K, A42G, M182T, g4205a",pAEGM,TGAAGCACGTAAACTATC,5.68,20.04911313123646,20.04911313123646
Se,"G238S, E104K, A42G, M182T, g4205a",pAEGM,TTGGTTGCACCAGACATT,5.68,19.25124869094859,20.04911313123646
Se,"G238S, E104K, A42G, M182T, g4205a",pAEGM,CTGTTTTTGAACTTGAAG,8.03,19.787162606929908,19.787162606929908
Se,"G238S, E104K, A42G, M182T, g4205a",pAEGM,TGAAGCACGTAAACTATC,8.03,20.492386127130487,19.787162606929908
Se,"G238S, E104K, A42G, M182T, g4205a",pAEGM,TTGGTTGCACCAGACATT,8.03,19.20779365974466,19.787162606929908
Se,"G238S, E104K, A42G, M182T, g4205a",pAEGM,CTGTTTTTGAACTTGAAG,11.35,21.760300279425625,21.760300279425625
Se,"G238S, E104K, A42G, M182T, g4205a",pAEGM,TGAAGCACGTAAACTATC,11.35,22.727337163090166,21.760300279425625
Se,"G238S, E104K, A42G, M182T, g4205a",pAEGM,TTGGTTGCACCAGACATT,11.35,20.759351023354803,21.760300279425625
Se,"G238S, E104K, A42G, M182T, g4205a",pAEGM,CTGTTTTTGAACTTGAAG,16.05,21.109029373393916,21.109029373393916
Se,"G238S, E104K, A42G, M182T, g4205a",pAEGM,TGAAGCACGTAAACTATC,16.05,22.307466689512605,21.109029373393916
Se,"G238S, E104K, A42G, M182T, g4205a",pAEGM,TTGGTTGCACCAGACATT,16.05,20.3461985703678,21.109029373393916
Se,"G238S, E104K, A42G, M182T, g4205a",pAEGM,CTGTTTTTGAACTTGAAG,22.69,21.84840279116586,21.84840279116586
Se,"G238S, E104K, A42G, M182T, g4205a",pAEGM,TGAAGCACGTAAACTATC,22.69,23.365911464248185,21.84840279116586
Se,"G238S, E104K, A42G, M182T, g4205a",pAEGM,TTGGTTGCACCAGACATT,22.69,21.30152004352304,21.84840279116586
Se,"G238S, E104K, A42G, M182T, g4205a",pAEGM,CTGTTTTTGAACTTGAAG,32.08,22.21542325844006,22.21542325844006
Se,"G238S, E104K, A42G, M182T, g4205a",pAEGM,TGAAGCACGTAAACTATC,32.08,23.311746799492116,22.21542325844006
Se,"G238S, E104K, A42G, M182T, g4205a",pAEGM,TTGGTTGCACCAGACATT,32.08,21.63725945034106,22.21542325844006
Se,"G238S, E104K, A42G, M182T, g4205a",pAEGM,CTGTTTTTGAACTTGAAG,45.36,23.091519002530184,23.091519002530184
Se,"G238S, E104K, A42G, M182T, g4205a",pAEGM,TGAAGCACGTAAACTATC,45.36,23.83064418364178,23.091519002530184
Se,"G238S, E104K, A42G, M182T, g4205a",pAEGM,TTGGTTGCACCAGACATT,45.36,22.557190101348496,23.091519002530184
Se,"G238S, E104K, A42G, M182T, g4205a",pAEGM,CTGTTTTTGAACTTGAAG,64.14,22.204116120506654,23.115393899149158
Se,"G238S, E104K, A42G, M182T, g4205a",pAEGM,TGAAGCACGTAAACTATC,64.14,24.013631454164095,23.115393899149158
Se,"G238S, E104K, A42G, M182T, g4205a",pAEGM,TTGGTTGCACCAGACATT,64.14,23.115393899149158,23.115393899149158
Se,"G238S, E104K, A42G, M182T, g4205a",pAEGM,CTGTTTTTGAACTTGAAG,90.69,21.100379265801433,24
Se,"G238S, E104K, A42G, M182T, g4205a",pAEGM,TGAAGCACGTAAACTATC,90.69,24.399725456103674,24
Se,"G238S, E104K, A42G, M182T, g4205a",pAEGM,TTGGTTGCACCAGACATT,90.69,24,24
Se,"G238S, E104K, A42G, M182T, g4205a",pAEGM,CTGTTTTTGAACTTGAAG,128.24,20.406711308635963,23.147667949095702
Se,"G238S, E104K, A42G, M182T, g4205a",pAEGM,TGAAGCACGTAAACTATC,128.24,23.901485163571284,23.147667949095702
Se,"G238S, E104K, A42G, M182T, g4205a",pAEGM,TTGGTTGCACCAGACATT,128.24,23.147667949095702,23.147667949095702
Se,"G238S, E104K, A42G, M182T, g4205a",pAEGM,CTGTTTTTGAACTTGAAG,181.33,22.415178049170912,22.415178049170912
Se,"G238S, E104K, A42G, M182T, g4205a",pAEGM,TGAAGCACGTAAACTATC,181.33,23.68499978385711,22.415178049170912
Se,"G238S, E104K, A42G, M182T, g4205a",pAEGM,TTGGTTGCACCAGACATT,181.33,21.333345331401798,22.415178049170912
Se,"G238S, E104K, A42G, M182T, g4205a",pAEGM,CTGTTTTTGAACTTGAAG,256.4,21.576454966739856,21.08909168791333
Se,"G238S, E104K, A42G, M182T, g4205a",pAEGM,TGAAGCACGTAAACTATC,256.4,21.08909168791333,21.08909168791333
Se,"G238S, E104K, A42G, M182T, g4205a",pAEGM,TTGGTTGCACCAGACATT,256.4,19.536034915880812,21.08909168791333
Se,"G238S, E104K, A42G, M182T, g4205a",pAEGM,CTGTTTTTGAACTTGAAG,362.55,23.451069092973405,19.303620782824915
Se,"G238S, E104K, A42G, M182T, g4205a",pAEGM,TGAAGCACGTAAACTATC,362.55,18.90038318916255,19.303620782824915
Se,"G238S, E104K, A42G, M182T, g4205a",pAEGM,TTGGTTGCACCAGACATT,362.55,19.303620782824915,19.303620782824915
Se,"G238S, E104K, A42G, M182T, g4205a",pAEGM,CTGTTTTTGAACTTGAAG,512.65,17.85246395874311,18.058241445128004
Se,"G238S, E104K, A42G, M182T, g4205a",pAEGM,TGAAGCACGTAAACTATC,512.65,20.331510748120767,18.058241445128004
Se,"G238S, E104K, A42G, M182T, g4205a",pAEGM,TTGGTTGCACCAGACATT,512.65,18.058241445128004,18.058241445128004
Ec,"G238S, E104K, A42G, M182T, g4205a",pAEGM,CTGTTTTTGAACTTGAAG,0,18.245158905903928,18.50877161424745
Ec,"G238S, E104K, A42G, M182T, g4205a",pAEGM,TGAAGCACGTAAACTATC,0,18.56488182605563,18.50877161424745
Ec,"G238S, E104K, A42G, M182T, g4205a",pAEGM,TTGGTTGCACCAGACATT,0,18.50877161424745,18.50877161424745
Ec,"G238S, E104K, A42G, M182T, g4205a",pAEGM,CTGTTTTTGAACTTGAAG,0.0315,16.6591870022091,16.6591870022091
Ec,"G238S, E104K, A42G, M182T, g4205a",pAEGM,TGAAGCACGTAAACTATC,0.0315,16.718212737623634,16.6591870022091
Ec,"G238S, E104K, A42G, M182T, g4205a",pAEGM,TTGGTTGCACCAGACATT,0.0315,16.652555593347365,16.6591870022091
Ec,"G238S, E104K, A42G, M182T, g4205a",pAEGM,CTGTTTTTGAACTTGAAG,0.0445,16.42488824583031,16.51276968040201
Ec,"G238S, E104K, A42G, M182T, g4205a",pAEGM,TGAAGCACGTAAACTATC,0.0445,16.662405222167546,16.51276968040201
Ec,"G238S, E104K, A42G, M182T, g4205a",pAEGM,TTGGTTGCACCAGACATT,0.0445,16.51276968040201,16.51276968040201
Ec,"G238S, E104K, A42G, M182T, g4205a",pAEGM,CTGTTTTTGAACTTGAAG,0.0629,16.568447700023214,16.790755356101673
Ec,"G238S, E104K, A42G, M182T, g4205a",pAEGM,TGAAGCACGTAAACTATC,0.0629,16.915897176236253,16.790755356101673
Ec,"G238S, E104K, A42G, M182T, g4205a",pAEGM,TTGGTTGCACCAGACATT,0.0629,16.790755356101673,16.790755356101673
Ec,"G238S, E104K, A42G, M182T, g4205a",pAEGM,CTGTTTTTGAACTTGAAG,0.0889,17.31183161286248,17.344070338059293
Ec,"G238S, E104K, A42G, M182T, g4205a",pAEGM,TGAAGCACGTAAACTATC,0.0889,17.451938685433838,17.344070338059293
Ec,"G238S, E104K, A42G, M182T, g4205a",pAEGM,TTGGTTGCACCAGACATT,0.0889,17.344070338059293,17.344070338059293
Ec,"G238S, E104K, A42G, M182T, g4205a",pAEGM,CTGTTTTTGAACTTGAAG,0.1257,18.00631493838628,17.978727886449242
Ec,"G238S, E104K, A42G, M182T, g4205a",pAEGM,TGAAGCACGTAAACTATC,0.1257,17.978727886449242,17.978727886449242
Ec,"G238S, E104K, A42G, M182T, g4205a",pAEGM,TTGGTTGCACCAGACATT,0.1257,17.978313212554678,17.978727886449242
Ec,"G238S, E104K, A42G, M182T, g4205a",pAEGM,CTGTTTTTGAACTTGAAG,0.1777,18.257193159680522,18.219043145425214
Ec,"G238S, E104K, A42G, M182T, g4205a",pAEGM,TGAAGCACGTAAACTATC,0.1777,18.219043145425214,18.219043145425214
Ec,"G238S, E104K, A42G, M182T, g4205a",pAEGM,TTGGTTGCACCAGACATT,0.1777,18.19609056740928,18.219043145425214
Ec,"G238S, E104K, A42G, M182T, g4205a",pAEGM,CTGTTTTTGAACTTGAAG,0.2513,18.437148972816455,18.531109475522776
Ec,"G238S, E104K, A42G, M182T, g4205a",pAEGM,TGAAGCACGTAAACTATC,0.2513,18.5957260483902,18.531109475522776
Ec,"G238S, E104K, A42G, M182T, g4205a",pAEGM,TTGGTTGCACCAGACATT,0.2513,18.531109475522776,18.531109475522776
Ec,"G238S, E104K, A42G, M182T, g4205a",pAEGM,CTGTTTTTGAACTTGAAG,0.3553,18.310097741787157,18.357908234601492
Ec,"G238S, E104K, A42G, M182T, g4205a",pAEGM,TGAAGCACGTAAACTATC,0.3553,18.36614604697626,18.357908234601492
Ec,"G238S, E104K, A42G, M182T, g4205a",pAEGM,TTGGTTGCACCAGACATT,0.3553,18.357908234601492,18.357908234601492
Ec,"G238S, E104K, A42G, M182T, g4205a",pAEGM,CTGTTTTTGAACTTGAAG,0.5024,18.529205404071128,18.72244197631666
Ec,"G238S, E104K, A42G, M182T, g4205a",pAEGM,TGAAGCACGTAAACTATC,0.5024,18.88491835099594,18.72244197631666
Ec,"G238S, E104K, A42G, M182T, g4205a",pAEGM,TTGGTTGCACCAGACATT,0.5024,18.72244197631666,18.72244197631666
Ec,"G238S, E104K, A42G, M182T, g4205a",pAEGM,CTGTTTTTGAACTTGAAG,0.7104,18.38150905406814,18.656300027092826
Ec,"G238S, E104K, A42G, M182T, g4205a",pAEGM,TGAAGCACGTAAACTATC,0.7104,18.706981083520052,18.656300027092826
Ec,"G238S, E104K, A42G, M182T, g4205a",pAEGM,TTGGTTGCACCAGACATT,0.7104,18.656300027092826,18.656300027092826
Ec,"G238S, E104K, A42G, M182T, g4205a",pAEGM,CTGTTTTTGAACTTGAAG,1.0045,19.261479771034423,19.475160698411038
Ec,"G238S, E104K, A42G, M182T, g4205a",pAEGM,TGAAGCACGTAAACTATC,1.0045,19.55509651940364,19.475160698411038
Ec,"G238S, E104K, A42G, M182T, g4205a",pAEGM,TTGGTTGCACCAGACATT,1.0045,19.475160698411038,19.475160698411038
Ec,"G238S, E104K, A42G, M182T, g4205a",pAEGM,CTGTTTTTGAACTTGAAG,1.42,18.60704037137974,18.983005929599297
Ec,"G238S, E104K, A42G, M182T, g4205a",pAEGM,TGAAGCACGTAAACTATC,1.42,19.055605260321453,18.983005929599297
Ec,"G238S, E104K, A42G, M182T, g4205a",pAEGM,TTGGTTGCACCAGACATT,1.42,18.983005929599297,18.983005929599297
Ec,"G238S, E104K, A42G, M182T, g4205a",pAEGM,CTGTTTTTGAACTTGAAG,2.01,19.105890156422614,19.346698657922236
Ec,"G238S, E104K, A42G, M182T, g4205a",pAEGM,TGAAGCACGTAAACTATC,2.01,19.399469805042056,19.346698657922236
Ec,"G238S, E104K, A42G, M182T, g4205a",pAEGM,TTGGTTGCACCAGACATT,2.01,19.346698657922236,19.346698657922236
Ec,"G238S, E104K, A42G, M182T, g4205a",pAEGM,CTGTTTTTGAACTTGAAG,2.84,18.534914274995316,18.66056420972365
Ec,"G238S, E104K, A42G, M182T, g4205a",pAEGM,TGAAGCACGTAAACTATC,2.84,18.722092810048927,18.66056420972365
Ec,"G238S, E104K, A42G, M182T, g4205a",pAEGM,TTGGTTGCACCAGACATT,2.84,18.66056420972365,18.66056420972365
Ec,"G238S, E104K, A42G, M182T, g4205a",pAEGM,CTGTTTTTGAACTTGAAG,4.02,20.085032242777523,20.063117648885694
Ec,"G238S, E104K, A42G, M182T, g4205a",pAEGM,TGAAGCACGTAAACTATC,4.02,20.063117648885694,20.063117648885694
Ec,"G238S, E104K, A42G, M182T, g4205a",pAEGM,TTGGTTGCACCAGACATT,4.02,20.02820078693242,20.063117648885694
Ec,"G238S, E104K, A42G, M182T, g4205a",pAEGM,CTGTTTTTGAACTTGAAG,5.68,20.5880076149961,20.489963155139744
Ec,"G238S, E104K, A42G, M182T, g4205a",pAEGM,TGAAGCACGTAAACTATC,5.68,20.489963155139744,20.489963155139744
Ec,"G238S, E104K, A42G, M182T, g4205a",pAEGM,TTGGTTGCACCAGACATT,5.68,20.48574306535094,20.489963155139744
Ec,"G238S, E104K, A42G, M182T, g4205a",pAEGM,CTGTTTTTGAACTTGAAG,8.03,21.267356416602517,21.345102918893254
Ec,"G238S, E104K, A42G, M182T, g4205a",pAEGM,TGAAGCACGTAAACTATC,8.03,21.42507622567973,21.345102918893254
Ec,"G238S, E104K, A42G, M182T, g4205a",pAEGM,TTGGTTGCACCAGACATT,8.03,21.345102918893254,21.345102918893254
Ec,"G238S, E104K, A42G, M182T, g4205a",pAEGM,CTGTTTTTGAACTTGAAG,11.35,21.616592447648625,21.60441959859518
Ec,"G238S, E104K, A42G, M182T, g4205a",pAEGM,TGAAGCACGTAAACTATC,11.35,21.555821689328585,21.60441959859518
Ec,"G238S, E104K, A42G, M182T, g4205a",pAEGM,TTGGTTGCACCAGACATT,11.35,21.60441959859518,21.60441959859518
Ec,"G238S, E104K, A42G, M182T, g4205a",pAEGM,CTGTTTTTGAACTTGAAG,16.05,22.925316717475805,23.41401067935002
Ec,"G238S, E104K, A42G, M182T, g4205a",pAEGM,TGAAGCACGTAAACTATC,16.05,23.430978422746794,23.41401067935002
Ec,"G238S, E104K, A42G, M182T, g4205a",pAEGM,TTGGTTGCACCAGACATT,16.05,23.41401067935002,23.41401067935002
Ec,"G238S, E104K, A42G, M182T, g4205a",pAEGM,CTGTTTTTGAACTTGAAG,22.69,20.784889165534167,21.848683058806945
Ec,"G238S, E104K, A42G, M182T, g4205a",pAEGM,TGAAGCACGTAAACTATC,22.69,21.982858682455436,21.848683058806945
Ec,"G238S, E104K, A42G, M182T, g4205a",pAEGM,TTGGTTGCACCAGACATT,22.69,21.848683058806945,21.848683058806945
Ec,"G238S, E104K, A42G, M182T, g4205a",pAEGM,CTGTTTTTGAACTTGAAG,32.08,21.555165177730405,22.931143461165714
Ec,"G238S, E104K, A42G, M182T, g4205a",pAEGM,TGAAGCACGTAAACTATC,32.08,23.142046226109077,22.931143461165714
Ec,"G238S, E104K, A42G, M182T, g4205a",pAEGM,TTGGTTGCACCAGACATT,32.08,22.931143461165714,22.931143461165714
Ec,"G238S, E104K, A42G, M182T, g4205a",pAEGM,CTGTTTTTGAACTTGAAG,45.36,22.103693280076776,23.515213617206868
Ec,"G238S, E104K, A42G, M182T, g4205a",pAEGM,TGAAGCACGTAAACTATC,45.36,23.676586530042883,23.515213617206868
Ec,"G238S, E104K, A42G, M182T, g4205a",pAEGM,TTGGTTGCACCAGACATT,45.36,23.515213617206868,23.515213617206868
Ec,"G238S, E104K, A42G, M182T, g4205a",pAEGM,CTGTTTTTGAACTTGAAG,64.14,21.87943712077071,24
Ec,"G238S, E104K, A42G, M182T, g4205a",pAEGM,TGAAGCACGTAAACTATC,64.14,24.26673359289259,24
Ec,"G238S, E104K, A42G, M182T, g4205a",pAEGM,TTGGTTGCACCAGACATT,64.14,24,24
Ec,"G238S, E104K, A42G, M182T, g4205a",pAEGM,CTGTTTTTGAACTTGAAG,90.69,20.434956121205218,23.977900031759706
Ec,"G238S, E104K, A42G, M182T, g4205a",pAEGM,TGAAGCACGTAAACTATC,90.69,24.193772016493487,23.977900031759706
Ec,"G238S, E104K, A42G, M182T, g4205a",pAEGM,TTGGTTGCACCAGACATT,90.69,23.977900031759706,23.977900031759706
Ec,"G238S, E104K, A42G, M182T, g4205a",pAEGM,CTGTTTTTGAACTTGAAG,128.24,16.200830790525334,21.842986396389488
Ec,"G238S, E104K, A42G, M182T, g4205a",pAEGM,TGAAGCACGTAAACTATC,128.24,21.842986396389488,21.842986396389488
Ec,"G238S, E104K, A42G, M182T, g4205a",pAEGM,TTGGTTGCACCAGACATT,128.24,22.63429931835963,21.842986396389488
Ec,"G238S, E104K, A42G, M182T, g4205a",pAEGM,CTGTTTTTGAACTTGAAG,181.33,16.554491367145413,16.675016353256563
Ec,"G238S, E104K, A42G, M182T, g4205a",pAEGM,TGAAGCACGTAAACTATC,181.33,20.70074193563398,16.675016353256563
Ec,"G238S, E104K, A42G, M182T, g4205a",pAEGM,TTGGTTGCACCAGACATT,181.33,16.675016353256563,16.675016353256563
Kp,"G238S, E104K, A42G, M182T, g4205a",pAEGM,CTGTTTTTGAACTTGAAG,0,16.764799998300717,16.58158863465119
Kp,"G238S, E104K, A42G, M182T, g4205a",pAEGM,TGAAGCACGTAAACTATC,0,16.493589047504962,16.58158863465119
Kp,"G238S, E104K, A42G, M182T, g4205a",pAEGM,TTGGTTGCACCAGACATT,0,16.58158863465119,16.58158863465119
Kp,"G238S, E104K, A42G, M182T, g4205a",pAEGM,CTGTTTTTGAACTTGAAG,0.0315,16.514518372051512,16.502107170676176
Kp,"G238S, E104K, A42G, M182T, g4205a",pAEGM,TGAAGCACGTAAACTATC,0.0315,16.316487120667826,16.502107170676176
Kp,"G238S, E104K, A42G, M182T, g4205a",pAEGM,TTGGTTGCACCAGACATT,0.0315,16.502107170676176,16.502107170676176
Kp,"G238S, E104K, A42G, M182T, g4205a",pAEGM,CTGTTTTTGAACTTGAAG,0.0445,16.87600781078148,16.87600781078148
Kp,"G238S, E104K, A42G, M182T, g4205a",pAEGM,TGAAGCACGTAAACTATC,0.0445,16.65310019053211,16.87600781078148
Kp,"G238S, E104K, A42G, M182T, g4205a",pAEGM,TTGGTTGCACCAGACATT,0.0445,16.921542756705964,16.87600781078148
Kp,"G238S, E104K, A42G, M182T, g4205a",pAEGM,CTGTTTTTGAACTTGAAG,0.0629,17.814126971617295,17.814126971617295
Kp,"G238S, E104K, A42G, M182T, g4205a",pAEGM,TGAAGCACGTAAACTATC,0.0629,17.72036256663649,17.814126971617295
Kp,"G238S, E104K, A42G, M182T, g4205a",pAEGM,TTGGTTGCACCAGACATT,0.0629,17.830627312088115,17.814126971617295
Kp,"G238S, E104K, A42G, M182T, g4205a",pAEGM,CTGTTTTTGAACTTGAAG,0.0889,17.57502084649295,17.57502084649295
Kp,"G238S, E104K, A42G, M182T, g4205a",pAEGM,TGAAGCACGTAAACTATC,0.0889,17.36690220997104,17.57502084649295
Kp,"G238S, E104K, A42G, M182T, g4205a",pAEGM,TTGGTTGCACCAGACATT,0.0889,17.600324599411188,17.57502084649295
Kp,"G238S, E104K, A42G, M182T, g4205a",pAEGM,CTGTTTTTGAACTTGAAG,0.1257,18.297117695492222,18.159646369901125
Kp,"G238S, E104K, A42G, M182T, g4205a",pAEGM,TGAAGCACGTAAACTATC,0.1257,17.850831078850266,18.159646369901125
Kp,"G238S, E104K, A42G, M182T, g4205a",pAEGM,TTGGTTGCACCAGACATT,0.1257,18.159646369901125,18.159646369901125
Kp,"G238S, E104K, A42G, M182T, g4205a",pAEGM,CTGTTTTTGAACTTGAAG,0.1777,18.772525044842638,18.5787665269496
Kp,"G238S, E104K, A42G, M182T, g4205a",pAEGM,TGAAGCACGTAAACTATC,0.1777,18.38928598586127,18.5787665269496
Kp,"G238S, E104K, A42G, M182T, g4205a",pAEGM,TTGGTTGCACCAGACATT,0.1777,18.5787665269496,18.5787665269496
Kp,"G238S, E104K, A42G, M182T, g4205a",pAEGM,CTGTTTTTGAACTTGAAG,0.2513,18.5360295765776,18.51899718143207
Kp,"G238S, E104K, A42G, M182T, g4205a",pAEGM,TGAAGCACGTAAACTATC,0.2513,18.308801850852657,18.51899718143207
Kp,"G238S, E104K, A42G, M182T, g4205a",pAEGM,TTGGTTGCACCAGACATT,0.2513,18.51899718143207,18.51899718143207
Kp,"G238S, E104K, A42G, M182T, g4205a",pAEGM,CTGTTTTTGAACTTGAAG,0.3553,18.733943697215476,18.69132501969671
Kp,"G238S, E104K, A42G, M182T, g4205a",pAEGM,TGAAGCACGTAAACTATC,0.3553,18.424546500878854,18.69132501969671
Kp,"G238S, E104K, A42G, M182T, g4205a",pAEGM,TTGGTTGCACCAGACATT,0.3553,18.69132501969671,18.69132501969671
Kp,"G238S, E104K, A42G, M182T, g4205a",pAEGM,CTGTTTTTGAACTTGAAG,0.5024,19.126663966935173,19.126663966935173
Kp,"G238S, E104K, A42G, M182T, g4205a",pAEGM,TGAAGCACGTAAACTATC,0.5024,18.95342869163724,19.126663966935173
Kp,"G238S, E104K, A42G, M182T, g4205a",pAEGM,TTGGTTGCACCAGACATT,0.5024,19.2187958920862,19.126663966935173
Kp,"G238S, E104K, A42G, M182T, g4205a",pAEGM,CTGTTTTTGAACTTGAAG,0.7104,18.777485458860834,18.777485458860834
Kp,"G238S, E104K, A42G, M182T, g4205a",pAEGM,TGAAGCACGTAAACTATC,0.7104,18.687850187379947,18.777485458860834
Kp,"G238S, E104K, A42G, M182T, g4205a",pAEGM,TTGGTTGCACCAGACATT,0.7104,18.91873703799688,18.777485458860834
Kp,"G238S, E104K, A42G, M182T, g4205a",pAEGM,CTGTTTTTGAACTTGAAG,1.0045,19.08047188240361,19.08047188240361
Kp,"G238S, E104K, A42G, M182T, g4205a",pAEGM,TGAAGCACGTAAACTATC,1.0045,18.815026198227606,19.08047188240361
Kp,"G238S, E104K, A42G, M182T, g4205a",pAEGM,TTGGTTGCACCAGACATT,1.0045,19.08340089549747,19.08047188240361
Kp,"G238S, E104K, A42G, M182T, g4205a",pAEGM,CTGTTTTTGAACTTGAAG,1.42,19.347819605218977,19.347819605218977
Kp,"G238S, E104K, A42G, M182T, g4205a",pAEGM,TGAAGCACGTAAACTATC,1.42,19.25818688603752,19.347819605218977
Kp,"G238S, E104K, A42G, M182T, g4205a",pAEGM,TTGGTTGCACCAGACATT,1.42,19.56203344736194,19.347819605218977
Kp,"G238S, E104K, A42G, M182T, g4205a",pAEGM,CTGTTTTTGAACTTGAAG,2.01,19.62664246396708,19.62664246396708
Kp,"G238S, E104K, A42G, M182T, g4205a",pAEGM,TGAAGCACGTAAACTATC,2.01,19.40473914671246,19.62664246396708
Kp,"G238S, E104K, A42G, M182T, g4205a",pAEGM,TTGGTTGCACCAGACATT,2.01,19.762826002818592,19.62664246396708
Kp,"G238S, E104K, A42G, M182T, g4205a",pAEGM,CTGTTTTTGAACTTGAAG,2.84,20.459420304562705,20.25058886704644
Kp,"G238S, E104K, A42G, M182T, g4205a",pAEGM,TGAAGCACGTAAACTATC,2.84,19.884874809220655,20.25058886704644
Kp,"G238S, E104K, A42G, M182T, g4205a",pAEGM,TTGGTTGCACCAGACATT,2.84,20.25058886704644,20.25058886704644
Kp,"G238S, E104K, A42G, M182T, g4205a",pAEGM,CTGTTTTTGAACTTGAAG,4.02,20.68449585217219,20.57020549369666
Kp,"G238S, E104K, A42G, M182T, g4205a",pAEGM,TGAAGCACGTAAACTATC,4.02,20.17464826860731,20.57020549369666
Kp,"G238S, E104K, A42G, M182T, g4205a",pAEGM,TTGGTTGCACCAGACATT,4.02,20.57020549369666,20.57020549369666
Kp,"G238S, E104K, A42G, M182T, g4205a",pAEGM,CTGTTTTTGAACTTGAAG,5.68,20.814908019280196,20.527504112377237
Kp,"G238S, E104K, A42G, M182T, g4205a",pAEGM,TGAAGCACGTAAACTATC,5.68,20.318753792105408,20.527504112377237
Kp,"G238S, E104K, A42G, M182T, g4205a",pAEGM,TTGGTTGCACCAGACATT,5.68,20.527504112377237,20.527504112377237
Kp,"G238S, E104K, A42G, M182T, g4205a",pAEGM,CTGTTTTTGAACTTGAAG,8.03,21.373570351718605,21.32326929761532
Kp,"G238S, E104K, A42G, M182T, g4205a",pAEGM,TGAAGCACGTAAACTATC,8.03,21.18629059901641,21.32326929761532
Kp,"G238S, E104K, A42G, M182T, g4205a",pAEGM,TTGGTTGCACCAGACATT,8.03,21.32326929761532,21.32326929761532
Kp,"G238S, E104K, A42G, M182T, g4205a",pAEGM,CTGTTTTTGAACTTGAAG,11.35,22.401869350643988,23.001160882620077
Kp,"G238S, E104K, A42G, M182T, g4205a",pAEGM,TGAAGCACGTAAACTATC,11.35,23.001160882620077,23.001160882620077
Kp,"G238S, E104K, A42G, M182T, g4205a",pAEGM,TTGGTTGCACCAGACATT,11.35,23.212941917040414,23.001160882620077
Kp,"G238S, E104K, A42G, M182T, g4205a",pAEGM,CTGTTTTTGAACTTGAAG,16.05,21.680718401941064,24
Kp,"G238S, E104K, A42G, M182T, g4205a",pAEGM,TGAAGCACGTAAACTATC,16.05,24.32259673243246,24
Kp,"G238S, E104K, A42G, M182T, g4205a",pAEGM,TTGGTTGCACCAGACATT,16.05,24,24
Kp,"G238S, E104K, A42G, M182T, g4205a",pAEGM,CTGTTTTTGAACTTGAAG,22.69,20.171987837990603,23.281132412542366
Kp,"G238S, E104K, A42G, M182T, g4205a",pAEGM,TGAAGCACGTAAACTATC,22.69,23.875320817198528,23.281132412542366
Kp,"G238S, E104K, A42G, M182T, g4205a",pAEGM,TTGGTTGCACCAGACATT,22.69,23.281132412542366,23.281132412542366
Kp,"G238S, E104K, A42G, M182T, g4205a",pAEGM,CTGTTTTTGAACTTGAAG,32.08,21.603607385294556,24.22317893767616
Kp,"G238S, E104K, A42G, M182T, g4205a",pAEGM,TGAAGCACGTAAACTATC,32.08,24.22317893767616,24.22317893767616
Kp,"G238S, E104K, A42G, M182T, g4205a",pAEGM,TTGGTTGCACCAGACATT,32.08,24.846425966413133,24.22317893767616
Kp,"G238S, E104K, A42G, M182T, g4205a",pAEGM,CTGTTTTTGAACTTGAAG,45.36,23.80066478125494,21.538779190106524
Kp,"G238S, E104K, A42G, M182T, g4205a",pAEGM,TGAAGCACGTAAACTATC,45.36,21.26208212187602,21.538779190106524
Kp,"G238S, E104K, A42G, M182T, g4205a",pAEGM,TTGGTTGCACCAGACATT,45.36,21.538779190106524,21.538779190106524
Kp,"G238S, E104K, A42G, M182T, g4205a",pAEGM,CTGTTTTTGAACTTGAAG,64.14,21.54179523954553,21.54179523954553
Kp,"G238S, E104K, A42G, M182T, g4205a",pAEGM,TGAAGCACGTAAACTATC,64.14,22.911686059062117,21.54179523954553
Kp,"G238S, E104K, A42G, M182T, g4205a",pAEGM,TTGGTTGCACCAGACATT,64.14,20.983426998939464,21.54179523954553
Kp,"G238S, E104K, A42G, M182T, g4205a",pAEGM,CTGTTTTTGAACTTGAAG,90.69,22.023090782070177,22.023090782070177
Kp,"G238S, E104K, A42G, M182T, g4205a",pAEGM,TGAAGCACGTAAACTATC,90.69,20.651633228332695,22.023090782070177
Kp,"G238S, E104K, A42G, M182T, g4205a",pAEGM,TTGGTTGCACCAGACATT,90.69,22.02604173713269,22.023090782070177
Kp,"G238S, E104K, A42G, M182T, g4205a",pAEGM,CTGTTTTTGAACTTGAAG,128.24,18.402299404317702,20.284125808678354
Kp,"G238S, E104K, A42G, M182T, g4205a",pAEGM,TGAAGCACGTAAACTATC,128.24,23.395255271189374,20.284125808678354
Kp,"G238S, E104K, A42G, M182T, g4205a",pAEGM,TTGGTTGCACCAGACATT,128.24,20.284125808678354,20.284125808678354
Kp,"G238S, E104K, A42G, M182T, g4205a",pAEGM,CTGTTTTTGAACTTGAAG,181.33,25.676928728421323,10.947798239018377
Kp,"G238S, E104K, A42G, M182T, g4205a",pAEGM,TGAAGCACGTAAACTATC,181.33,10.947798239018377,10.947798239018377
Kp,"G238S, E104K, A42G, M182T, g4205a",pAEGM,TTGGTTGCACCAGACATT,181.33,8.810095224172704,10.947798239018377
