Species,Shorthand,Barcode,Outlier,truncated,ED50:(Intercept),Slope:(Intercept),Upper Limit:(Intercept)
Ec,A,CAGTGAGTCAGATATCTT,FALSE,TRUE,0.12390537307473175,3.743151603954933,0.4793071337503184
Ec,A,GTAGCCATTTACTTCTGT,TRUE,TRUE,0.12621285247789002,3.2291950277311328,0.47673470921973665
Ec,A,TTCGCATTATATTCCGTC,FALSE,TRUE,0.12402118755429889,3.7176242558036767,0.4684154312098181
Ec,AE,ATTAGATTTATTAATATG,TRUE,TRUE,0.37473593059216603,3.8245289359179413,0.45655767269622594
Ec,AE,GTTTCCTCTAAAGATTTC,FALSE,TRUE,0.43899241779879145,3.419130939565824,0.46265419763855553
Ec,AE,TTTTTCCTCCGCTCTGGT,FALSE,TRUE,0.46695134674920985,2.8118868446478844,0.4716874610483835
Ec,AEG,ACTGCTTAGCAGTTTGTC,FALSE,TRUE,33.649948039163235,2.2197834782587744,0.45512003699040265
Ec,AEG,AGCATGCTCTGCCGAGAA,TRUE,TRUE,58.76475683720298,3.2355916421580413,0.45464119360950744
Ec,AEG,TCCACGTACATAAATGTT,FALSE,TRUE,32.14844395921544,2.0697057067827958,0.4606746678233856
Ec,AEGM,ACGAACTTTGCTTTCTTT,TRUE,TRUE,107.14589067988982,1.446104279844313,0.4980123324035116
Ec,AEGM,AGTCATGGCATTATGAAA,FALSE,TRUE,63.067893416318846,1.6958978942746643,0.4746242572454235
Ec,AEGM,GAAAACATACGGCGTGGT,FALSE,TRUE,66.3305556893359,1.3647823988285461,0.48409231873179337
Ec,AEM,GCAGTATGCGGAAAAGCT,FALSE,TRUE,0.38761578125266194,3.0397220045630777,0.47978899123967916
Ec,AEM,GTGCGAAAGCATTACACT,TRUE,TRUE,0.4628822480000994,3.209257469652402,0.49629756228000554
Ec,AEM,TTGCATAGTTTCATAATA,FALSE,TRUE,0.3791903067407932,3.51983903328929,0.46822165414971534
Ec,AG,ACTACAGTAATAGTGCAT,FALSE,TRUE,4.57680999954554,2.2589692419532494,0.4658256055812065
Ec,AG,ATAGTTATTTTGGAACTA,FALSE,TRUE,4.197976779566694,2.4702695531482277,0.4644650703588508
Ec,AG,CAGCTGGTTGGTTCTCTA,TRUE,TRUE,5.1317415627043745,2.0943252727459263,0.4809866494005632
Ec,AGM,GGCAGGTGAATCTACCAG,FALSE,TRUE,5.386624907638674,2.2885858374737147,0.4922530280996331
Ec,AGM,TTTAGCCCCATCACTAAC,TRUE,TRUE,6.213743858867061,2.550744469244585,0.5099969044012583
Ec,AGM,TTTGTGTAGGTACTATCC,FALSE,TRUE,4.795837122696339,2.472016138367414,0.48309370889436276
Ec,AM,AGAACTTGGTAACGGGGC,FALSE,TRUE,0.12001624873165284,3.371373949824101,0.4841363195444238
Ec,AM,CGTACCCCTTGCTGGTGG,TRUE,TRUE,0.12244197738808535,2.7774213230519753,0.5055331783809677
Ec,AM,TTGGGACCTCTTTGGGTA,FALSE,TRUE,0.11840779392217811,3.48333760913147,0.47991553469741083
Ec,E,ATAAAGGATGTGACTGTA,FALSE,TRUE,0.21057648566199638,3.4976105349450735,0.46312521243342375
Ec,E,GGAGCAGTAGAGGTGGTA,FALSE,TRUE,0.20035253612421614,3.5346548622123364,0.47319232398334593
Ec,E,TTGGCGCCTTCTCTTCTG,TRUE,TRUE,0.22352732688860352,2.5858788583322103,0.4787962396152396
Ec,EG,GAGGGTGTGATTAGCAAT,FALSE,TRUE,7.048651387992118,2.6829404761811224,0.41156917367827206
Ec,EG,TAACGCGAGTCGTAATCT,TRUE,TRUE,9.262663974945609,2.512719416103918,0.4195931054487968
Ec,EG,TGTATTGGTTAACGTTAC,FALSE,TRUE,7.025858534910663,3.124796536805431,0.4092191800864782
Ec,EGM,CAATATACTCTGTACTAA,FALSE,TRUE,34.187373670558024,1.8199779090216948,0.47373512768098663
Ec,EGM,CATCTAATTTATTGGGTA,FALSE,TRUE,35.5182356836896,1.747164533939052,0.47454000740310137
Ec,EGM,TAGTGCTTGTTCAGGGGT,TRUE,TRUE,31.00210804466594,1.797671708762173,0.4791838835799956
Ec,EM,GCGAGATGATTAGAGAGA,TRUE,TRUE,0.1816813615458532,3.827372794262296,0.4723408558963742
Ec,EM,GCTTCCTTTATTTGTTTA,FALSE,TRUE,0.20652416791778438,3.344080510234028,0.4669718290079584
Ec,EM,GTGTGAGACGCAGTTTAG,FALSE,TRUE,0.2085167014097223,3.439750028294057,0.47418630333961875
Ec,G,ACTGCGTTTTAATATTTT,FALSE,TRUE,0.9977036754909556,3.5520256268008943,0.4243676035667096
Ec,G,CAGGGTCATACGAGCTTC,TRUE,TRUE,1.1250387892786857,3.242300820860788,0.4214233774192657
Ec,G,CCAACTGTAAGCCTATTT,FALSE,TRUE,1.1139969353162997,3.333295939625259,0.42332332815001117
Ec,GM,GATCCGATGATAGTAGTT,TRUE,TRUE,2.6882455444855338,2.6343029739283255,0.49353440825709244
Ec,GM,TATCCGTCCTCGGCAGAG,FALSE,TRUE,2.701639226433221,3.0097950961788364,0.49877650543513535
Ec,GM,TCCCTAGCATGGATTGGC,FALSE,TRUE,2.7355510087925956,3.0008234304915806,0.4959268533120697
Ec,M,CCTAGCAGCTCGTAAGAG,FALSE,TRUE,0.11763291106189061,3.3695095512908746,0.4910017207082887
Ec,M,TCCAAAGGGTGGCACGAG,FALSE,TRUE,0.11582077225631804,3.315947587017177,0.4922809334208661
Ec,M,TGTGATTTACACACGTCC,TRUE,TRUE,0.11446877446492168,3.354095630366781,0.48375140252382265
Ec,p,GTATTAGTTTTACTTTAG,FALSE,TRUE,0.12624075719558345,3.3947360222683436,0.4441459655969632
Ec,p,TACTTTTAAACTATAAGA,FALSE,TRUE,0.12062591469437249,3.6729540437673287,0.43795872168682015
Ec,p,TTGAGTCCCGAGGGTGGT,TRUE,TRUE,0.10153935353712494,4.277176301234532,0.3956475555473078
Ec,pA,CAGGTTTTAGCATATGCC,TRUE,TRUE,0.14009421514698034,2.9458306362910567,0.47350942757300446
Ec,pA,CATTCATATTAAAGTTTG,FALSE,TRUE,0.13354677587625619,3.6086834135667782,0.4491452330529409
Ec,pA,CTCATTTTAGACTTCGTT,FALSE,TRUE,0.13977664388346275,3.556404770586194,0.46391959382889747
Ec,pAE,AATCATTCAAATCGAAGA,TRUE,TRUE,0.5833386715286356,3.4158806935521224,0.4416820641769512
Ec,pAE,ATAAATATGTGGTCCCTG,FALSE,TRUE,0.624918820012836,2.928297848664667,0.4525079273654418
Ec,pAE,CACCATCCTACAACTAAA,FALSE,TRUE,0.654539721727031,2.850262912228609,0.45019994839625765
Ec,pAEG,ACGTAAAGTAAGACTTCA,TRUE,TRUE,53.163279766758976,2.0682953049966906,0.4061225281046088
Ec,pAEG,AGTGCAGGTTTAAATACT,FALSE,TRUE,47.42777414176288,2.3404615658686896,0.4116458798183451
Ec,pAEG,TATTTGAGTTATTAGTTC,FALSE,TRUE,45.24490355656969,2.409615957536648,0.4098310625820081
Ec,pAEGM,CTGTTTTTGAACTTGAAG,TRUE,FALSE,205.93856985358622,1.5412626183698457,0.4759156888055695
Ec,pAEGM,TGAAGCACGTAAACTATC,FALSE,FALSE,499.69792232695545,1.6470585898432153,0.4813649622551441
Ec,pAEGM,TTGGTTGCACCAGACATT,FALSE,FALSE,1724.0824824686017,0.7106246802941362,0.48334213887066774
Ec,pAEM,CATAGTCACCGGCTAGAT,TRUE,TRUE,0.6714676935895911,3.219698306003755,0.4859433633211418
Ec,pAEM,GAGAGGCTAAGGTGAAAC,FALSE,TRUE,0.5527665139820866,2.759034256977889,0.476711157063783
Ec,pAEM,GCATCGCTCTCATGGGTA,FALSE,TRUE,0.6002819041336829,2.6542913741807714,0.4779694596116209
Ec,pAG,AAGTGTTCGCATTGCAAG,TRUE,TRUE,7.031272942619117,2.417882137006541,0.4443771960175963
Ec,pAG,ACAGGAGACGGTATCTTT,FALSE,TRUE,6.78202427455976,2.4859001254563173,0.4397968844447826
Ec,pAG,TTGAAATGCTTTCGGTTA,FALSE,TRUE,6.463723036004013,2.661587780844963,0.44027059742492014
Ec,pAGM,GATAGGGTATATTGGCAC,TRUE,TRUE,7.712410324241535,2.4160680207463545,0.4859378245160249
Ec,pAGM,TAGCATCGGGTCAGGGCG,FALSE,TRUE,8.616860659929234,2.3424898593766477,0.4928497095151089
Ec,pAGM,TTAGCTTGGTTTCTGTCT,FALSE,TRUE,8.795252523275389,2.3656064943369364,0.4946042427137308
Ec,pAM,AAAGTTTGAGGAATAACG,TRUE,TRUE,0.13003103306643035,3.7366650858654187,0.4703423265266885
Ec,pAM,TTAACACATGGTATTTAC,FALSE,TRUE,0.13708775433855094,2.907636529188065,0.4799740445543136
Ec,pAM,TTGTTTATTTACCGGACT,FALSE,TRUE,0.14166735605493846,3.5527113978487073,0.4882433632121339
Ec,pE,CGACAACGTATCAAGCTC,TRUE,TRUE,0.28858370840765385,2.6479733852294243,0.4330697288011832
Ec,pE,GCTGGTCCGATCAGATAT,FALSE,TRUE,0.2764303147317404,3.419177815537024,0.4181827349955942
Ec,pE,TCCGACCATTAAGGGTTA,FALSE,TRUE,0.27168302058342086,3.103285032623294,0.42088620433229756
Ec,pEG,AACGGTTGGACCGAGCGG,FALSE,TRUE,6.687742823992658,2.1179188245199487,0.3526336077828669
Ec,pEG,CCATTTGATTTTAAGCTC,TRUE,TRUE,6.305652845740051,2.4577614196398105,0.3268458571089723
Ec,pEG,TTGCGGAAGTGGTCGTGG,FALSE,TRUE,6.2427767221018025,2.231499294762962,0.3545920870912203
Ec,pEGM,ATATTTTACCGTCTTAAA,FALSE,FALSE,167.2869090155942,2.3461098800987594,0.480173853038557
Ec,pEGM,GCCGCGGCGTGTGTGGTT,TRUE,FALSE,96.01070975338166,1.4733400219136246,0.4823621948267632
Ec,pEGM,GTAGTAGGTGTCTCAGAC,FALSE,FALSE,203.4333007328243,2.5816739797311032,0.48158727959162023
Ec,pEM,AGTCGTGTGGGGGCCTAC,TRUE,TRUE,0.2899195049046433,2.5893144810594664,0.47629523842085386
Ec,pEM,GCGTCCTCGAGTCTTTAC,FALSE,TRUE,0.27397392878655513,2.9451344736072187,0.4694279796304004
Ec,pEM,TTTGGACCACTTTTCTGT,FALSE,TRUE,0.26709022627251144,3.1415992644242183,0.45776510549613036
Ec,pG,AATTTAAGTATAGAGGGG,TRUE,TRUE,1.0490635164673978,3.8115812007741643,0.35199801247826296
Ec,pG,ATAAGGTTTGTTTCCCTG,FALSE,TRUE,1.0483362626219614,3.5989481828125136,0.34271571899015396
Ec,pG,TAGGTTAATTCTCGGTGA,FALSE,TRUE,0.99788978284445,3.3874481884646723,0.3412451474012547
Ec,pGM,AACCTAATTCTTAACGGA,FALSE,TRUE,4.8463345497802255,2.4567608442912845,0.5040737493408678
Ec,pGM,TCCGGTACGATTACAACG,TRUE,TRUE,5.268784538424177,2.390184984636696,0.5340742529301916
Ec,pGM,TTTGTTGCTCTTTCGATG,FALSE,TRUE,4.421695847326689,2.0096382037754505,0.49564698224129194
Ec,pM,AATGTGCGTTAATAGATT,FALSE,TRUE,0.13039488428127152,3.3126253742710854,0.49604175555186236
Ec,pM,AGGGATCTGGAGTAGGTC,TRUE,TRUE,0.12639443051421506,2.9713524850702746,0.4895922846557138
Ec,pM,TATCATAGTGAGTTCCAT,FALSE,TRUE,0.12870080432311304,3.253987080030839,0.4726507840305685
Ec,WT,ATTCGTAAACTTCTGGTT,TRUE,TRUE,0.11642858728472325,3.3984577151826407,0.47376630998290326
Ec,WT,GAGTCGTGCATTGAGTTC,FALSE,TRUE,0.11698223242511116,3.6685724574819867,0.4803036343246512
Ec,WT,GATGGCCTTTTGCCGGTT,FALSE,TRUE,0.1186487633266308,3.2507843958596814,0.48192594171014475
Kp,A,CAGTGAGTCAGATATCTT,TRUE,TRUE,0.04222952149479281,8.069167173801231,0.5428527582580644
Kp,A,GTAGCCATTTACTTCTGT,FALSE,TRUE,0.0420505545475456,7.860491279320368,0.5116673944260234
Kp,A,TTCGCATTATATTCCGTC,FALSE,TRUE,0.041630233933623695,6.240059681790124,0.5293588717680993
Kp,AE,ATTAGATTTATTAATATG,TRUE,TRUE,0.14427214476930103,5.182990415022917,0.5302175019406881
Kp,AE,GTTTCCTCTAAAGATTTC,FALSE,TRUE,0.2401684190988684,4.014917884284425,0.6762298310023227
Kp,AE,TTTTTCCTCCGCTCTGGT,FALSE,TRUE,0.20887768104346943,6.216189594096448,0.5760502907095405
Kp,AEG,ACTGCTTAGCAGTTTGTC,FALSE,TRUE,11.416046992362064,3.3278137051493593,0.5414709318313915
Kp,AEG,AGCATGCTCTGCCGAGAA,TRUE,TRUE,11.896370069228853,3.2742368116311904,0.5455855801312717
Kp,AEG,TCCACGTACATAAATGTT,FALSE,TRUE,11.030447079551596,3.488131738395708,0.5452227085623507
Kp,AEGM,ACGAACTTTGCTTTCTTT,FALSE,TRUE,16.0484075642491,2.8520229412296403,0.5336104805523209
Kp,AEGM,AGTCATGGCATTATGAAA,TRUE,TRUE,22.857710960068545,2.821822590470723,0.5296287341488563
Kp,AEGM,GAAAACATACGGCGTGGT,FALSE,TRUE,15.912839702258848,3.0792954896660274,0.5431313153433471
Kp,AEM,GCAGTATGCGGAAAAGCT,FALSE,TRUE,0.15914154774478803,5.341492131806369,0.5290411104048469
Kp,AEM,GTGCGAAAGCATTACACT,TRUE,TRUE,0.15937341211340478,4.341470068135443,0.50048867088831
Kp,AEM,TTGCATAGTTTCATAATA,FALSE,TRUE,0.15080578692114988,5.457635399580028,0.5487929787086352
Kp,AG,ACTACAGTAATAGTGCAT,FALSE,TRUE,2.176329356291451,2.1441417296043954,0.5371000487611827
Kp,AG,ATAGTTATTTTGGAACTA,FALSE,TRUE,1.7900315226390597,3.2101682589339284,0.5470053083591484
Kp,AG,CAGCTGGTTGGTTCTCTA,TRUE,TRUE,1.9464626562314078,5.4078979252730335,0.5412818184728198
Kp,AGM,GGCAGGTGAATCTACCAG,FALSE,TRUE,2.322391911093239,4.142203792920307,0.5624739270526199
Kp,AGM,TTTAGCCCCATCACTAAC,FALSE,TRUE,2.3657723215029893,3.2487123451245687,0.5439104550176351
Kp,AGM,TTTGTGTAGGTACTATCC,TRUE,TRUE,2.102836591918699,3.0681285727434453,0.528620172310837
Kp,AM,AGAACTTGGTAACGGGGC,TRUE,TRUE,0.040978283357772094,8.09774843330577,0.5274027947352453
Kp,AM,CGTACCCCTTGCTGGTGG,FALSE,TRUE,0.042864555414401165,6.821453952922906,0.5709519337115017
Kp,AM,TTGGGACCTCTTTGGGTA,FALSE,TRUE,0.038537143644847456,6.125476280204565,0.5430238009809907
Kp,E,ATAAAGGATGTGACTGTA,TRUE,TRUE,0.07590695754767897,5.4402003528664045,0.5413232983221797
Kp,E,GGAGCAGTAGAGGTGGTA,FALSE,TRUE,0.07398638450568355,5.873491099127296,0.5663289166829093
Kp,E,TTGGCGCCTTCTCTTCTG,FALSE,TRUE,0.08065998116426439,5.910410702421788,0.5485530709205589
Kp,EG,GAGGGTGTGATTAGCAAT,TRUE,TRUE,3.1465024704696574,3.7152803304878566,0.5206643898120039
Kp,EG,TAACGCGAGTCGTAATCT,FALSE,TRUE,2.7190873803577227,4.06179410716627,0.5464622399181038
Kp,EG,TGTATTGGTTAACGTTAC,FALSE,TRUE,2.9289441479033713,3.1771203519557707,0.5412168866946553
Kp,EGM,CAATATACTCTGTACTAA,FALSE,TRUE,12.997397204457734,3.0176667146808214,0.5461354579364741
Kp,EGM,CATCTAATTTATTGGGTA,TRUE,TRUE,13.439191335936522,3.027953037972052,0.5032252174079949
Kp,EGM,TAGTGCTTGTTCAGGGGT,FALSE,TRUE,12.097409340424937,3.258514743359879,0.5741496052927973
Kp,EM,GCGAGATGATTAGAGAGA,TRUE,TRUE,0.05971001863481601,6.44290390815905,0.5379970744141795
Kp,EM,GCTTCCTTTATTTGTTTA,FALSE,TRUE,0.0791873187000015,4.257524771829106,0.5553365403046049
Kp,EM,GTGTGAGACGCAGTTTAG,FALSE,TRUE,0.07421480828687267,6.518490415905587,0.528981382140972
Kp,G,ACTGCGTTTTAATATTTT,FALSE,TRUE,0.4004790982416494,4.504821712686542,0.5453326851190822
Kp,G,CAGGGTCATACGAGCTTC,TRUE,TRUE,0.5626457078793979,3.553801286399934,0.6249633847611633
Kp,G,CCAACTGTAAGCCTATTT,FALSE,TRUE,0.40862298455400475,4.662480450724698,0.5470423409699741
Kp,GM,GATCCGATGATAGTAGTT,FALSE,TRUE,1.1681738783710547,4.210159666596241,0.549342806052841
Kp,GM,TATCCGTCCTCGGCAGAG,FALSE,TRUE,1.2313135496914562,4.182542200495122,0.560923904799617
Kp,GM,TCCCTAGCATGGATTGGC,TRUE,TRUE,1.3070801507206613,4.560374790266957,0.5476824159156594
Kp,M,CCTAGCAGCTCGTAAGAG,FALSE,TRUE,0.03654929220187718,7.437847805718661,0.5487019619290924
Kp,M,TCCAAAGGGTGGCACGAG,TRUE,TRUE,0.03241595884050729,7.405084808153065,0.5059525325667907
Kp,M,TGTGATTTACACACGTCC,FALSE,TRUE,0.039525413517251314,7.155684257673274,0.5617817454104845
Kp,p,GTATTAGTTTTACTTTAG,TRUE,TRUE,0.04201045681728067,6.754911280537478,0.5173110671526315
Kp,p,TACTTTTAAACTATAAGA,FALSE,TRUE,0.04453467937786487,27.183321414691033,0.5203668410164971
Kp,p,TTGAGTCCCGAGGGTGGT,FALSE,TRUE,0.04237764178936797,7.062473225178912,0.5493997546714633
Kp,pA,CAGGTTTTAGCATATGCC,TRUE,TRUE,0.05186254179871546,6.4874423340750464,0.546120310166142
Kp,pA,CATTCATATTAAAGTTTG,FALSE,TRUE,0.04891049876177285,7.3994774790776905,0.5349454526945686
Kp,pA,CTCATTTTAGACTTCGTT,FALSE,TRUE,0.04899936517003479,5.654756972514286,0.5410714196499735
Kp,pAE,AATCATTCAAATCGAAGA,FALSE,TRUE,0.2658993814764943,9.949865450044202,0.5251674112523571
Kp,pAE,ATAAATATGTGGTCCCTG,FALSE,TRUE,0.2760236803799437,5.681128081378665,0.5309312542441265
Kp,pAE,CACCATCCTACAACTAAA,TRUE,TRUE,0.3091408287943114,5.193140817992698,0.541591779060724
Kp,pAEG,ACGTAAAGTAAGACTTCA,TRUE,TRUE,15.978929675987878,3.2117063754742854,0.5228054871770771
Kp,pAEG,AGTGCAGGTTTAAATACT,FALSE,TRUE,15.659876065661246,3.2242908982627356,0.5382443651348993
Kp,pAEG,TATTTGAGTTATTAGTTC,FALSE,TRUE,17.34530278718189,2.8035524280078823,0.5320911260062854
Kp,pAEGM,CTGTTTTTGAACTTGAAG,TRUE,FALSE,13502.776340100247,0.41598612562120696,0.5481544205682931
Kp,pAEGM,TGAAGCACGTAAACTATC,FALSE,FALSE,219.14970075845477,2.134058010099223,0.5347222546706248
Kp,pAEGM,TTGGTTGCACCAGACATT,FALSE,FALSE,159.85070683804773,6.578627494148916,0.5366428435054962
Kp,pAEM,CATAGTCACCGGCTAGAT,FALSE,TRUE,0.26086570238389023,5.528402984542935,0.5473510665272081
Kp,pAEM,GAGAGGCTAAGGTGAAAC,FALSE,TRUE,0.2547644420444443,4.9254691776990835,0.5348925292154327
Kp,pAEM,GCATCGCTCTCATGGGTA,TRUE,TRUE,0.24480201301340185,5.311801969756751,0.5340794015754031
Kp,pAG,AAGTGTTCGCATTGCAAG,TRUE,TRUE,2.7698107961098195,6.295420885133153,0.5122020338331098
Kp,pAG,ACAGGAGACGGTATCTTT,FALSE,TRUE,2.9474783377708484,3.709787897146007,0.5532450357966217
Kp,pAG,TTGAAATGCTTTCGGTTA,FALSE,TRUE,2.837002296226908,4.330521798905206,0.5483158749574703
Kp,pAGM,GATAGGGTATATTGGCAC,FALSE,TRUE,3.333085435918491,4.525079967539504,0.5368397688969158
Kp,pAGM,TAGCATCGGGTCAGGGCG,TRUE,TRUE,3.3872854258211023,4.137585667593564,0.49218735013417536
Kp,pAGM,TTAGCTTGGTTTCTGTCT,FALSE,TRUE,4.183302799953834,3.3815923576169373,0.5395062102509619
Kp,pAM,AAAGTTTGAGGAATAACG,FALSE,TRUE,0.04332003424735983,7.423875133230838,0.5420671432063803
Kp,pAM,TTAACACATGGTATTTAC,FALSE,TRUE,0.04594005382865191,7.554601951049379,0.5439890555702492
Kp,pAM,TTGTTTATTTACCGGACT,TRUE,TRUE,0.05767234302250654,2.982906824422168,0.7423636091175749
Kp,pE,CGACAACGTATCAAGCTC,FALSE,TRUE,0.1097038571388353,5.953721951834285,0.5357282765279602
Kp,pE,GCTGGTCCGATCAGATAT,TRUE,TRUE,0.10614771776746679,5.811637493892621,0.5367666977999352
Kp,pE,TCCGACCATTAAGGGTTA,FALSE,TRUE,0.11065323288984621,6.127786240036878,0.5452357095899112
Kp,pEG,AACGGTTGGACCGAGCGG,FALSE,TRUE,3.437413328268894,4.105750842572628,0.515535658961423
Kp,pEG,CCATTTGATTTTAAGCTC,TRUE,TRUE,2.3322503200129296,4.632429534286958,0.4880619245714938
Kp,pEG,TTGCGGAAGTGGTCGTGG,FALSE,TRUE,3.3966711485494474,4.479568426348426,0.5786839442627826
Kp,pEGM,ATATTTTACCGTCTTAAA,FALSE,FALSE,128.3104492776503,1.2124902855783948,0.5173164467897264
Kp,pEGM,GCCGCGGCGTGTGTGGTT,FALSE,FALSE,93.21921446558686,0.7275195128633669,0.5598818456631355
Kp,pEGM,GTAGTAGGTGTCTCAGAC,TRUE,FALSE,183.79374586808316,5.282244890494886,0.5159348882974266
Kp,pEM,AGTCGTGTGGGGGCCTAC,TRUE,TRUE,0.11812646414366679,6.287169353952799,0.5380275279375076
Kp,pEM,GCGTCCTCGAGTCTTTAC,FALSE,TRUE,0.11198779718389024,5.903290836026135,0.5433436811731005
Kp,pEM,TTTGGACCACTTTTCTGT,FALSE,TRUE,0.10453781163988092,5.584977439293347,0.5259716812295036
Kp,pG,AATTTAAGTATAGAGGGG,TRUE,TRUE,0.3816578040946265,4.764805116578179,0.4987379960858933
Kp,pG,ATAAGGTTTGTTTCCCTG,FALSE,TRUE,0.3812639626334905,3.6843396736117824,0.47733090870358974
Kp,pG,TAGGTTAATTCTCGGTGA,FALSE,TRUE,0.37761191839729835,4.201839745069878,0.47511113493579393
Kp,pGM,AACCTAATTCTTAACGGA,FALSE,TRUE,2.046682721588447,3.455694617998306,0.548532699462934
Kp,pGM,TCCGGTACGATTACAACG,TRUE,TRUE,2.4086495235311185,3.509904591694493,0.5509029779362357
Kp,pGM,TTTGTTGCTCTTTCGATG,FALSE,TRUE,2.0116487650949684,3.2711286320822603,0.5386167193333337
Kp,pM,AATGTGCGTTAATAGATT,FALSE,TRUE,0.04278771378178598,11.846495850149177,0.5208228110116779
Kp,pM,AGGGATCTGGAGTAGGTC,TRUE,TRUE,0.04902708753759823,5.809908243522854,0.6426483531343493
Kp,pM,TATCATAGTGAGTTCCAT,FALSE,TRUE,0.04348665137892138,6.881327913734051,0.5447573702408617
Kp,WT,ATTCGTAAACTTCTGGTT,FALSE,TRUE,0.03930658938212472,7.147285670210245,0.5621348582943217
Kp,WT,GAGTCGTGCATTGAGTTC,TRUE,TRUE,0.0401786275133002,6.544537486824138,0.5622641084586586
Kp,WT,GATGGCCTTTTGCCGGTT,FALSE,TRUE,0.037496054946989654,5.441800704183657,0.5638267751942645
Se,A,CAGTGAGTCAGATATCTT,FALSE,TRUE,0.11788638344267452,4.107886931300078,0.4906394508507358
Se,A,GTAGCCATTTACTTCTGT,FALSE,TRUE,0.11203136691472841,4.617301920599525,0.4861809354682896
Se,A,TTCGCATTATATTCCGTC,TRUE,TRUE,0.10068454624074254,6.093007784095567,0.4616211458105057
Se,AE,ATTAGATTTATTAATATG,TRUE,TRUE,0.6773826254013969,3.9723112444813697,0.4697482895869124
Se,AE,GTTTCCTCTAAAGATTTC,FALSE,TRUE,0.8109979513020902,3.8037781320420856,0.47891757640124966
Se,AE,TTTTTCCTCCGCTCTGGT,FALSE,TRUE,0.8780954876474923,3.649767620893771,0.4795727507797154
Se,AEG,ACTGCTTAGCAGTTTGTC,FALSE,TRUE,75.20266287636288,2.1109016102345395,0.4795179998053245
Se,AEG,AGCATGCTCTGCCGAGAA,FALSE,TRUE,77.60663174871453,2.2602680574236893,0.4703573870426553
Se,AEG,TCCACGTACATAAATGTT,TRUE,TRUE,67.54000076723092,2.184904524397315,0.48709362399545164
Se,AEGM,ACGAACTTTGCTTTCTTT,TRUE,TRUE,27181.403042335653,0.030350635307579324,0.8317159478187106
Se,AEGM,AGTCATGGCATTATGAAA,FALSE,TRUE,136.6903331132117,2.394730786209117,0.4702203252526802
Se,AEGM,GAAAACATACGGCGTGGT,FALSE,TRUE,106.56912927369163,2.2474601139186676,0.48410062150891886
Se,AEM,GCAGTATGCGGAAAAGCT,FALSE,TRUE,0.753627727617179,3.3090295510675816,0.48008481735158404
Se,AEM,GTGCGAAAGCATTACACT,TRUE,TRUE,0.7267248205827919,3.701744498814528,0.543040974804437
Se,AEM,TTGCATAGTTTCATAATA,FALSE,TRUE,0.7440545642825976,3.419371945990762,0.4682115852757148
Se,AG,ACTACAGTAATAGTGCAT,TRUE,TRUE,14.908095643550306,1.8193802071881486,0.534211929266775
Se,AG,ATAGTTATTTTGGAACTA,FALSE,TRUE,12.547009421901793,1.8849555509075988,0.5095993781489344
Se,AG,CAGCTGGTTGGTTCTCTA,FALSE,TRUE,13.895123984530036,1.6943701744230522,0.48265243068509567
Se,AGM,GGCAGGTGAATCTACCAG,FALSE,TRUE,17.00191753793616,1.739827693685474,0.4557712746668113
Se,AGM,TTTAGCCCCATCACTAAC,FALSE,TRUE,16.9909617971292,2.030217022483434,0.47087316959334935
Se,AGM,TTTGTGTAGGTACTATCC,TRUE,TRUE,13.991651487828957,1.9594154746312866,0.4747029536126592
Se,AM,AGAACTTGGTAACGGGGC,FALSE,TRUE,0.10436127863657432,5.387253072273164,0.49108009984670203
Se,AM,CGTACCCCTTGCTGGTGG,TRUE,TRUE,0.11242546586153562,3.544253205372139,0.48498977412990985
Se,AM,TTGGGACCTCTTTGGGTA,FALSE,TRUE,0.09975397407957552,5.298417755325823,0.49665483408185795
Se,E,ATAAAGGATGTGACTGTA,TRUE,TRUE,0.3208520632771773,4.818997939056251,0.46358783809551535
Se,E,GGAGCAGTAGAGGTGGTA,FALSE,TRUE,0.30275469478273537,3.8582407433989356,0.48951188446385324
Se,E,TTGGCGCCTTCTCTTCTG,FALSE,TRUE,0.33874723617507896,3.491049997250395,0.4860586012248034
Se,EG,GAGGGTGTGATTAGCAAT,FALSE,TRUE,14.112307531108966,1.6969055537605648,0.48387652167795886
Se,EG,TAACGCGAGTCGTAATCT,FALSE,TRUE,14.37314894291536,1.6923430230965482,0.4914755572451879
Se,EG,TGTATTGGTTAACGTTAC,TRUE,TRUE,15.91905963617007,1.631631665010341,0.5438868478491633
Se,EGM,CAATATACTCTGTACTAA,FALSE,TRUE,81.02852902749764,2.1888961429869322,0.48199781958313354
Se,EGM,CATCTAATTTATTGGGTA,TRUE,TRUE,84.48182103971737,2.063318743121254,0.47279882490512054
Se,EGM,TAGTGCTTGTTCAGGGGT,FALSE,TRUE,80.41781539006664,2.0048572334599903,0.4837732021943835
Se,EM,GCGAGATGATTAGAGAGA,FALSE,TRUE,0.25906850305139967,3.846147178301093,0.4798034056464045
Se,EM,GCTTCCTTTATTTGTTTA,TRUE,TRUE,0.28618160247983804,4.0328127703074665,0.5610949282762056
Se,EM,GTGTGAGACGCAGTTTAG,FALSE,TRUE,0.3634373572928984,3.117210342156004,0.48859408252554803
Se,G,ACTGCGTTTTAATATTTT,TRUE,TRUE,1.619361049193343,3.7371285104735,0.5462341093530789
Se,G,CAGGGTCATACGAGCTTC,FALSE,TRUE,1.871710339709654,5.624209225126022,0.4614888533731029
Se,G,CCAACTGTAAGCCTATTT,FALSE,TRUE,1.7713229384244802,4.843604212298958,0.45338573798813403
Se,GM,GATCCGATGATAGTAGTT,TRUE,TRUE,7.929078119901556,1.5766537736865907,0.5090767416231728
Se,GM,TATCCGTCCTCGGCAGAG,FALSE,TRUE,7.252902285896556,1.9788911767789774,0.49250632524063853
Se,GM,TCCCTAGCATGGATTGGC,FALSE,TRUE,8.390126528967317,1.9152136538915623,0.48860802712838264
Se,M,CCTAGCAGCTCGTAAGAG,TRUE,TRUE,0.09969120262515477,5.024397403035597,0.48470027160316576
Se,M,TCCAAAGGGTGGCACGAG,FALSE,TRUE,0.09378206675596235,5.469475074979448,0.48597456300419434
Se,M,TGTGATTTACACACGTCC,FALSE,TRUE,0.10012454547706584,5.141979517631006,0.4881918459150425
Se,p,GTATTAGTTTTACTTTAG,FALSE,TRUE,0.11810122477737665,4.030363889608782,0.48819173192367976
Se,p,TACTTTTAAACTATAAGA,TRUE,TRUE,0.12130330771210206,4.017979403900839,0.47214548524479216
Se,p,TTGAGTCCCGAGGGTGGT,FALSE,TRUE,0.1161978098725427,3.830151306983122,0.49001632811818907
Se,pA,CAGGTTTTAGCATATGCC,FALSE,TRUE,0.15708431652081728,3.0057009106949244,0.5211506460595028
Se,pA,CATTCATATTAAAGTTTG,FALSE,TRUE,0.16046845982119007,3.5568220163518696,0.46865781512292587
Se,pA,CTCATTTTAGACTTCGTT,TRUE,TRUE,0.16450579069248075,2.8024309389372735,0.47091005490363025
Se,pAE,AATCATTCAAATCGAAGA,TRUE,TRUE,1.3706091026472789,3.309738593268753,0.4516011682751188
Se,pAE,ATAAATATGTGGTCCCTG,FALSE,TRUE,1.2784777251052881,3.243207048420497,0.4905614162274497
Se,pAE,CACCATCCTACAACTAAA,FALSE,TRUE,1.4536787761522652,3.0740782536739752,0.48235130924369357
Se,pAEG,ACGTAAAGTAAGACTTCA,TRUE,TRUE,86.26504734679423,2.312334795582659,0.45924555249724097
Se,pAEG,AGTGCAGGTTTAAATACT,FALSE,TRUE,82.59329080787181,2.4707914898277483,0.4505009017612577
Se,pAEG,TATTTGAGTTATTAGTTC,FALSE,TRUE,99.10891095890852,1.8235114005990967,0.44871998458017964
Se,pAEGM,CTGTTTTTGAACTTGAAG,FALSE,FALSE,3009.2078869452703,0.807960726313583,0.47755815062591406
Se,pAEGM,TGAAGCACGTAAACTATC,TRUE,FALSE,1162.7078305533562,1.4192639866519587,0.4874612238245022
Se,pAEGM,TTGGTTGCACCAGACATT,FALSE,FALSE,1026.533390708255,1.516339701770326,0.46242805607513154
Se,pAEM,CATAGTCACCGGCTAGAT,TRUE,TRUE,1.4185155916724175,2.794691232500422,0.4715608885112686
Se,pAEM,GAGAGGCTAAGGTGAAAC,FALSE,TRUE,1.1277084077075192,3.326150402925445,0.4814366541719741
Se,pAEM,GCATCGCTCTCATGGGTA,FALSE,TRUE,1.2707871422117836,3.428721789607392,0.48326229008110433
Se,pAG,AAGTGTTCGCATTGCAAG,FALSE,TRUE,16.8786108122271,2.054702085456998,0.46447909041000407
Se,pAG,ACAGGAGACGGTATCTTT,TRUE,TRUE,18.249146475818215,1.9551312698113636,0.47925497877656204
Se,pAG,TTGAAATGCTTTCGGTTA,FALSE,TRUE,16.276792022664477,2.177457184315934,0.4738321535047262
Se,pAGM,GATAGGGTATATTGGCAC,FALSE,TRUE,23.651545986676116,1.9113852146249724,0.4591199077905896
Se,pAGM,TAGCATCGGGTCAGGGCG,TRUE,TRUE,27.499066874786017,1.658191156796481,0.5169464141788287
Se,pAGM,TTAGCTTGGTTTCTGTCT,FALSE,TRUE,26.48584900827067,2.156068161626022,0.4749936498059835
Se,pAM,AAAGTTTGAGGAATAACG,FALSE,TRUE,0.12209213107887419,4.312029688414011,0.4664745675195879
Se,pAM,TTAACACATGGTATTTAC,FALSE,TRUE,0.1349184030192731,3.771278756355758,0.45988303671350184
Se,pAM,TTGTTTATTTACCGGACT,TRUE,TRUE,0.15679061483693785,3.222997689117089,0.4704335784775666
Se,pE,CGACAACGTATCAAGCTC,FALSE,TRUE,0.524125884872477,4.25005098107562,0.4810556015750428
Se,pE,GCTGGTCCGATCAGATAT,TRUE,TRUE,0.4749593113550888,3.4376837159530536,0.4692010354163408
Se,pE,TCCGACCATTAAGGGTTA,FALSE,TRUE,0.497899625830289,4.296895870853966,0.4788631714868057
Se,pEG,AACGGTTGGACCGAGCGG,FALSE,TRUE,12.116133751696823,2.1024017349189865,0.4185825510375633
Se,pEG,CCATTTGATTTTAAGCTC,TRUE,TRUE,12.7098242622036,2.349407234706065,0.4096837005317423
Se,pEG,TTGCGGAAGTGGTCGTGG,FALSE,TRUE,12.44429936247582,2.205515907271004,0.4165952909713351
Se,pEGM,ATATTTTACCGTCTTAAA,TRUE,TRUE,165.264299047294,2.946126777844977,0.44692307488661726
Se,pEGM,GCCGCGGCGTGTGTGGTT,FALSE,TRUE,149.31688616385406,2.010400573159527,0.485668820106283
Se,pEGM,GTAGTAGGTGTCTCAGAC,FALSE,TRUE,167.33924648219588,3.9285910398998802,0.480388212781823
Se,pEM,AGTCGTGTGGGGGCCTAC,TRUE,TRUE,0.5871388890725432,4.1924785961553725,0.49018751791427506
Se,pEM,GCGTCCTCGAGTCTTTAC,FALSE,TRUE,0.5037574897205562,4.297742816049223,0.4669286821486911
Se,pEM,TTTGGACCACTTTTCTGT,FALSE,TRUE,0.515817989164387,3.845665964798712,0.4652549362567005
Se,pG,AATTTAAGTATAGAGGGG,FALSE,TRUE,1.7332923591559615,5.5051174670311855,0.4002046818193269
Se,pG,ATAAGGTTTGTTTCCCTG,TRUE,TRUE,1.6448992247085592,4.2840395034776915,0.4100737943379149
Se,pG,TAGGTTAATTCTCGGTGA,FALSE,TRUE,1.6296820608784155,3.840071857490032,0.39938144939556774
Se,pGM,AACCTAATTCTTAACGGA,FALSE,TRUE,11.916813984191098,2.2520954137278673,0.468256581152538
Se,pGM,TCCGGTACGATTACAACG,TRUE,TRUE,14.894099122386201,1.9120376115734965,0.4717584108460899
Se,pGM,TTTGTTGCTCTTTCGATG,FALSE,TRUE,12.995978181885892,1.8343978979010342,0.47656373101907734
Se,pM,AATGTGCGTTAATAGATT,FALSE,TRUE,0.10774402375131592,5.287746043768997,0.4781884392697782
Se,pM,AGGGATCTGGAGTAGGTC,FALSE,TRUE,0.1100762547880125,4.915060856883155,0.45252885535233384
Se,pM,TATCATAGTGAGTTCCAT,TRUE,TRUE,0.12998468114843723,3.187274886763569,0.4959274386737972
Se,WT,ATTCGTAAACTTCTGGTT,FALSE,TRUE,0.09345736582035816,5.474774742919652,0.48914923797481485
Se,WT,GAGTCGTGCATTGAGTTC,FALSE,TRUE,0.09374663535006848,6.252341725668732,0.4710483637203706
Se,WT,GATGGCCTTTTGCCGGTT,TRUE,TRUE,0.10253022901842862,4.794900316890069,0.48240559309004355
